title,artist,objectType,place,date,mediaURLs,thumbnail
A. Laurason,"{""Artist"": ""Jean Francois De Vallee, active 1794-1828"", ""Sitter"": ""A. Laurason""}","{""Type"": ""Painting-Miniature""}",,"{""Date"": ""ca. 1805""}",[https://ids.si.edu/ids/deliveryService?id=SAAM-1958.5.4_1],"https://ids.si.edu/ids/iiif/SAAM-1958.5.4_1/full/250,/0/default.jpg"
Alexander Hamilton,"{""Artist"": ""John Trumbull, 6 Jun 1756 - 10 Nov 1843"", ""Copy after"": ""Giuseppe Ceracchi, 4 Jul 1751 - 31 Jan 1801"", ""Sitter"": ""Alexander Hamilton, 11 Jan 1757 - 11 Jul 1804""}","{""Type"": ""Painting""}",,"{""Date"": ""1806""}",[https://ids.si.edu/ids/deliveryService?id=NPG-NPG_79_216Hamilton_d1],"https://ids.si.edu/ids/iiif/NPG-NPG_79_216Hamilton_d1/full/250,/0/default.jpg"
Alexander Rose,"{""Artist"": ""Pierre Henri, born Paris, France ca. 1760-died NY 1822"", ""Sitter"": ""Alexander Rose""}","{""Type"": ""Painting-Miniature""}",,"{""Date"": ""ca. 1788""}",[https://ids.si.edu/ids/deliveryService?id=SAAM-1946.11.6_1],"https://ids.si.edu/ids/iiif/SAAM-1946.11.6_1/full/250,/0/default.jpg"
Andre Joseph Villard,"{""Artist"": ""David Boudon, Swiss, born Geneva, Switzerland 1748-died 1816; last known residence Chillicothe"", ""Sitter"": ""Andre Joseph Villard""}","{""Type"": ""Painting-Miniature""}",,"{""Date"": ""1810-1812""}",[https://ids.si.edu/ids/deliveryService?id=SAAM-1961.9.1_1],"https://ids.si.edu/ids/iiif/SAAM-1961.9.1_1/full/250,/0/default.jpg"
Ann Elliott Morris,"{""Artist"": ""Unidentified Artist"", ""Sitter"": ""Ann Elliott Morris, 1763 - 1848""}","{""Type"": ""Painting""}",,"{""Date"": ""c. 1800""}",[https://ids.si.edu/ids/deliveryService?id=NPG-S_NPG_95_116Morris_int],"https://ids.si.edu/ids/iiif/NPG-S_NPG_95_116Morris_int/full/250,/0/default.jpg"
Anne Hume Shippen,"{""Artist"": ""Benjamin Trott, born Boston, MA ca. 1770-died Washington, DC 1843"", ""Sitter"": ""Anne Hume Shippen""}","{""Type"": ""Painting-Miniature""}",,"{""Date"": ""ca. 1796""}",[https://ids.si.edu/ids/deliveryService?id=SAAM-1999.87.1_1],"https://ids.si.edu/ids/iiif/SAAM-1999.87.1_1/full/250,/0/default.jpg"
Apollo and the Seasons (Classical Landscape),"{""Attributed to"": ""Richard Wilson, Welsh, born Penegoes, Wales 1714-died Llanberis, Wales 1782""}","{""Type"": ""Painting""}",,"{""Date"": ""ca. 1770-1779""}",[https://ids.si.edu/ids/deliveryService?id=SAAM-1956.11.68_1],"https://ids.si.edu/ids/iiif/SAAM-1956.11.68_1/full/250,/0/default.jpg"
"Archibald Bulloch, Governor of Georgia","{""Artist"": ""Unidentified"", ""Sitter"": ""Archibald Bulloch""}","{""Type"": ""Painting-Miniature""}",,"{""Date"": ""ca. 1790""}",[https://ids.si.edu/ids/deliveryService?id=SAAM-1975.77.2_1],"https://ids.si.edu/ids/iiif/SAAM-1975.77.2_1/full/250,/0/default.jpg"
Arthur St. Claire,"{""Attribution"": ""Jean Pierre Henri Elouis, 1755 - c. 1843"", ""Sitter"": ""Arthur St. Clair, 23 Mar 1737 - 31 Aug 1818""}","{""Type"": ""Painting""}",,"{""Date"": ""c. 1795""}",[https://ids.si.edu/ids/deliveryService?id=NPG-NPG_83_31StClaire-000001],"https://ids.si.edu/ids/iiif/NPG-NPG_83_31StClaire-000001/full/250,/0/default.jpg"
Augustus Fricke,"{""Artist"": ""Jean Pierre Henri Elouis, French, born Caen, France 1755-died Caen, France 1840"", ""Sitter"": ""Augustus Fricke""}","{""Type"": ""Painting-Miniature""}",,"{""Date"": ""ca. 1795""}",[https://ids.si.edu/ids/deliveryService?id=SAAM-1950.7.10_1],"https://ids.si.edu/ids/iiif/SAAM-1950.7.10_1/full/250,/0/default.jpg"
Benjamin Franklin,"{""Artist"": ""Joseph Siffred Duplessis, 22 Sep 1725 - 1 Apr 1802"", ""Sitter"": ""Benjamin Franklin, 17 Jan 1706 - 17 Apr 1790""}","{""Type"": ""Painting""}","{""Place"": ""France\\\u00cele-de-France\\Ville de Paris, D\u00e9partment de\\Paris""}","{""Date"": ""c. 1785""}",[https://ids.si.edu/ids/deliveryService?id=NPG-NPG_87_43],"https://ids.si.edu/ids/iiif/NPG-NPG_87_43/full/250,/0/default.jpg"
"Benjamin Harrison, Jr.","{""Artist"": ""Charles Willson Peale, 15 Apr 1741 - 22 Feb 1827"", ""Sitter"": ""Benjamin Harrison, Jr., 1750? - 1799"", ""Formerly identified as"": ""Benjamin Harrison, Sr., 1726 - 1791""}","{""Type"": ""Painting""}",,"{""Date"": ""1783""}",[https://ids.si.edu/ids/deliveryService?id=NPG-S_NPG_65_109Harrison-000004],"https://ids.si.edu/ids/iiif/NPG-S_NPG_65_109Harrison-000004/full/250,/0/default.jpg"
"Benjamin Hurd, Jr.","{""Artist"": ""William M. S. Doyle, born Boston, MA 1769-died Boston, MA 1828"", ""Sitter"": ""Jr. Benjamin Hurd""}","{""Type"": ""Painting-Miniature""}",,"{""Date"": ""ca. 1804-1818""}",[https://ids.si.edu/ids/deliveryService?id=SAAM-1999.27.9_1],"https://ids.si.edu/ids/iiif/SAAM-1999.27.9_1/full/250,/0/default.jpg"
Benjamin Latrobe,"{""Artist"": ""Charles Frederick Von Breda, 16 Aug 1759 - 1 Dec 1818"", ""Sitter"": ""Benjamin Henry Latrobe, 1 May 1764 - 3 Sep 1820""}","{""Type"": ""Painting""}",,"{""Date"": ""c. 1790""}",[https://ids.si.edu/ids/deliveryService?id=NPG-NPG_2011_64Latrobe_int],"https://ids.si.edu/ids/iiif/NPG-NPG_2011_64Latrobe_int/full/250,/0/default.jpg"
Benjamin West,"{""Attribution"": ""James Smith, 1749 - 1794"", ""Sitter"": ""Benjamin West, 10 Oct 1738 - 11 Mar 1820""}","{""Type"": ""Painting""}",,"{""Date"": ""1770""}",[https://ids.si.edu/ids/deliveryService?id=NPG-NPG_80_136West-000004],"https://ids.si.edu/ids/iiif/NPG-NPG_80_136West-000004/full/250,/0/default.jpg"
Betsey Colt Foot,"{""Artist"": ""Ezra Ames, 1768 - 1836"", ""Sitter"": ""Betsey Colt Foot, 1774 - 1847""}","{""Type"": ""Painting""}","{""Place"": ""United States\\New York\\Albany\\Albany""}","{""Date"": ""1815""}",[https://ids.si.edu/ids/deliveryService?id=NPG-NPG_2016_132],"https://ids.si.edu/ids/iiif/NPG-NPG_2016_132/full/250,/0/default.jpg"
Brother-in-law of Mrs. Alexander Rose,"{""Artist"": ""Archibald Robertson, born Moneymusk, Scotland-died New York City 1835"", ""Sitter"": ""Brother-in-Law of Mrs. Alex. Rose""}","{""Type"": ""Painting-Miniature""}",,"{""Date"": ""ca. 1795""}",[https://ids.si.edu/ids/deliveryService?id=SAAM-1933.7.2_1],"https://ids.si.edu/ids/iiif/SAAM-1933.7.2_1/full/250,/0/default.jpg"
Caldwell Sister,"{""Artist"": ""Charles Willson Peale, born Queen Anne's County, MD 1741-died Philadelphia, PA 1827"", ""Sitter"": ""Caldwell""}","{""Type"": ""Painting-Miniature""}",,"{""Date"": ""ca. 1782""}",[https://ids.si.edu/ids/deliveryService?id=SAAM-1999.27.31.2_1],"https://ids.si.edu/ids/iiif/SAAM-1999.27.31.2_1/full/250,/0/default.jpg"
Caldwell Sister,"{""Artist"": ""Charles Willson Peale, born Queen Anne's County, MD 1741-died Philadelphia, PA 1827"", ""Sitter"": ""Caldwell""}","{""Type"": ""Painting-Miniature""}",,"{""Date"": ""ca. 1782""}",[https://ids.si.edu/ids/deliveryService?id=SAAM-1999.27.31.1_1],"https://ids.si.edu/ids/iiif/SAAM-1999.27.31.1_1/full/250,/0/default.jpg"
Capt. John Gassoway,"{""Artist"": ""Charles Willson Peale, born Queen Anne's County, MD 1741-died Philadelphia, PA 1827"", ""Sitter"": ""John Gassoway""}","{""Type"": ""Painting-Miniature""}",,"{""Date"": ""ca. 1790""}",[https://ids.si.edu/ids/deliveryService?id=SAAM-1999.27.33_1],"https://ids.si.edu/ids/iiif/SAAM-1999.27.33_1/full/250,/0/default.jpg"
Captain Charles McKnight,"{""Artist"": ""Jacob Frymire, born Lancaster County, PA ca. 1765-died Hamilton Township, PA 1822"", ""Sitter"": ""Charles Mc Knight""}","{""Type"": ""Painting""}",,"{""Date"": ""1800""}",[https://ids.si.edu/ids/deliveryService?id=SAAM-1968.137_1],"https://ids.si.edu/ids/iiif/SAAM-1968.137_1/full/250,/0/default.jpg"
Captain John H. Seward,"{""Artist"": ""Unidentified"", ""Sitter"": ""Captain John H. Seward""}","{""Type"": ""Painting-Miniature""}",,"{""Date"": ""ca. 1790""}",[https://ids.si.edu/ids/deliveryService?id=SAAM-1983.21_1],"https://ids.si.edu/ids/iiif/SAAM-1983.21_1/full/250,/0/default.jpg"
Captain Joseph Anthony,"{""Artist"": ""Walter Robertson, Irish, born Dublin, Ireland ca. 1750-died Fatehpur, India 1801/02"", ""Sitter"": ""Joseph Anthony""}","{""Type"": ""Painting-Miniature""}",,"{""Date"": ""ca. 1794""}",[https://ids.si.edu/ids/deliveryService?id=SAAM-1952.12.1_1],"https://ids.si.edu/ids/iiif/SAAM-1952.12.1_1/full/250,/0/default.jpg"
Captain Robert Lillibridge,"{""Artist"": ""William Verstille, born Boston, MA ca. 1755-died Boston, MA 1803"", ""Sitter"": ""Robert Lillibridge""}","{""Type"": ""Painting-Miniature""}",,"{""Date"": ""ca. 1795""}",[https://ids.si.edu/ids/deliveryService?id=SAAM-1975.59.1_1],"https://ids.si.edu/ids/iiif/SAAM-1975.59.1_1/full/250,/0/default.jpg"
Carter Braxton,"{""Artist"": ""Unidentified Artist"", ""Sitter"": ""Carter Braxton, 10 Sep 1736 - 10 Oct 1797""}","{""Type"": ""Painting""}",,"{""Date"": ""c. 1775""}",[https://ids.si.edu/ids/deliveryService?id=NPG-NPG_98_33Braxton-000001],"https://ids.si.edu/ids/iiif/NPG-NPG_98_33Braxton-000001/full/250,/0/default.jpg"
Charles Brockden Brown,"{""Artist"": ""William Dunlap, 18 Feb 1766 - 28 Sep 1839"", ""Sitter"": ""Charles Brockden Brown, 17 Jan 1771 - 22 Feb 1810""}","{""Type"": ""Painting""}","{""Place"": ""United States\\Pennsylvania\\Philadelphia\\Philadelphia""}","{""Date"": ""1806""}",[https://ids.si.edu/ids/deliveryService?id=NPG-NPG_94_83Brown-000002],"https://ids.si.edu/ids/iiif/NPG-NPG_94_83Brown-000002/full/250,/0/default.jpg"
Charles Cotesworth Pinckney,"{""Artist"": ""Henry Benbridge, 20 Oct 1743 - 25 Jan 1812"", ""Sitter"": ""Charles Cotesworth Pinckney, 25 Feb 1746 - 25 Aug 1825""}","{""Type"": ""Painting""}",,"{""Date"": ""c. 1773""}",[https://ids.si.edu/ids/deliveryService?id=NPG-NPG_67_1Pinckney_d1],"https://ids.si.edu/ids/iiif/NPG-NPG_67_1Pinckney_d1/full/250,/0/default.jpg"
Charles Cotesworth Pinckney,"{""Artist"": ""John Trumbull, 6 Jun 1756 - 10 Nov 1843"", ""Sitter"": ""Charles Cotesworth Pinckney, 25 Feb 1746 - 25 Aug 1825""}","{""Type"": ""Painting""}",,"{""Date"": ""1791""}",[https://ids.si.edu/ids/deliveryService?id=NPG-NPG_2007_212],"https://ids.si.edu/ids/iiif/NPG-NPG_2007_212/full/250,/0/default.jpg"
Charles Cotesworth Pinckney,"{""Artist"": ""Unidentified Artist"", ""Copy after"": ""James Earl, 1 May 1761 - 16 Aug 1796"", ""Sitter"": ""Charles Cotesworth Pinckney, 25 Feb 1746 - 25 Aug 1825""}","{""Type"": ""Painting""}",,"{""Date"": ""1796""}",[https://ids.si.edu/ids/deliveryService?id=NPG-NPG_92_122Pinckney-000002],"https://ids.si.edu/ids/iiif/NPG-NPG_92_122Pinckney-000002/full/250,/0/default.jpg"
Charles Willson Peale Self-Portrait,"{""Artist"": ""Charles Willson Peale, 15 Apr 1741 - 22 Feb 1827"", ""Sitter"": ""Charles Willson Peale, 15 Apr 1741 - 22 Feb 1827""}","{""Type"": ""Painting""}",,"{""Date"": ""c. 1791""}",[https://ids.si.edu/ids/deliveryService?id=NPG-NPG_89_205],"https://ids.si.edu/ids/iiif/NPG-NPG_89_205/full/250,/0/default.jpg"
Col. George Gibbs III,"{""Artist"": ""John Vanderlyn, 15 Oct 1775 - 23 Sep 1852"", ""Sitter"": ""George Gibbs, 1776 - 1833""}","{""Type"": ""Painting""}",,"{""Date"": ""c. 1806-08""}",[https://ids.si.edu/ids/deliveryService?id=NPG-NPG_2020_42Gibbs-000002],"https://ids.si.edu/ids/iiif/NPG-NPG_2020_42Gibbs-000002/full/250,/0/default.jpg"
Col. Josiah Parker,"{""Artist"": ""John Ramage, born Dublin, Ireland ca. 1748-died Montreal, Quebec, Canada 1802"", ""Sitter"": ""Col. Josiah Parker""}","{""Type"": ""Painting-Miniature""}",,"{""Date"": ""ca. 1789""}",[https://ids.si.edu/ids/deliveryService?id=SAAM-1957.3.3_1],"https://ids.si.edu/ids/iiif/SAAM-1957.3.3_1/full/250,/0/default.jpg"
"Col. Lewis Morris, IV","{""Artist"": ""Unidentified Artist"", ""Sitter"": ""Col. Lewis Morris IV, 1752? - 1824""}","{""Type"": ""Painting""}",,"{""Date"": ""c. 1800""}",[https://ids.si.edu/ids/deliveryService?id=NPG-9500236A_1],"https://ids.si.edu/ids/iiif/NPG-9500236A_1/full/250,/0/default.jpg"
Col. Nathaniel Darby,"{""Artist"": ""Unidentified"", ""Sitter"": ""Col. Nathaniel Darby""}","{""Type"": ""Painting-Miniature""}",,"{""Date"": ""ca. 1798""}",[https://ids.si.edu/ids/deliveryService?id=SAAM-1999.87.7A_1],"https://ids.si.edu/ids/iiif/SAAM-1999.87.7A_1/full/250,/0/default.jpg"
Colonel Benjamin Stephenson,"{""Artist"": ""Unidentified"", ""Sitter"": ""Benjamin Stephenson""}","{""Type"": ""Painting-Miniature""}",,"{""Date"": ""ca. 1800""}",[https://ids.si.edu/ids/deliveryService?id=SAAM-1976.56_1],"https://ids.si.edu/ids/iiif/SAAM-1976.56_1/full/250,/0/default.jpg"
Colonel John Cox,"{""Artist"": ""Charles Willson Peale, born Queen Anne's County, MD 1741-died Philadelphia, PA 1827"", ""Sitter"": ""John Cox""}","{""Type"": ""Painting-Miniature""}",,"{""Date"": ""1778""}",[https://ids.si.edu/ids/deliveryService?id=SAAM-1999.27.32_1],"https://ids.si.edu/ids/iiif/SAAM-1999.27.32_1/full/250,/0/default.jpg"
Colonial Soldier,"{""Artist"": ""Unidentified"", ""Sitter"": ""unidentified""}","{""Type"": ""Painting-Miniature""}",,"{""Date"": ""ca. 1770""}",[https://ids.si.edu/ids/deliveryService?id=SAAM-1950.4.14_1],"https://ids.si.edu/ids/iiif/SAAM-1950.4.14_1/full/250,/0/default.jpg"
Conrad Wunder,"{""Artist"": ""Unidentified"", ""Sitter"": ""Conrad Wunder""}","{""Type"": ""Painting-Miniature""}",,"{""Date"": ""1797""}",[https://ids.si.edu/ids/deliveryService?id=SAAM-1999.27.52_1],"https://ids.si.edu/ids/iiif/SAAM-1999.27.52_1/full/250,/0/default.jpg"
Daniel Leonard,"{""Artist"": ""Unidentified Artist"", ""Sitter"": ""Daniel Leonard, 18 May 1740 - 27 Jun 1829""}","{""Type"": ""Painting""}",,"{""Date"": ""c. 1770""}",[https://ids.si.edu/ids/deliveryService?id=NPG-A8000002A_1],"https://ids.si.edu/ids/iiif/NPG-A8000002A_1/full/250,/0/default.jpg"
Daniel Morgan,"{""Artist"": ""Unidentified Artist"", ""Sitter"": ""Daniel Morgan, 1736 - 6 Jul 1802""}","{""Type"": ""Painting""}",,"{""Date"": ""c. 1780""}",[https://ids.si.edu/ids/deliveryService?id=NPG-NPG_2001_3Morgan-000002],"https://ids.si.edu/ids/iiif/NPG-NPG_2001_3Morgan-000002/full/250,/0/default.jpg"
David Livingston,"{""Artist"": ""Joseph Wood, born Clarkstown, NY 1778-died Washington, DC 1830"", ""Sitter"": ""David Livingston""}","{""Type"": ""Painting-Miniature""}",,"{""Date"": ""ca. 1800""}",[https://ids.si.edu/ids/deliveryService?id=SAAM-1999.27.51_1],"https://ids.si.edu/ids/iiif/SAAM-1999.27.51_1/full/250,/0/default.jpg"
David McClellan,"{""Artist"": ""Benjamin Trott, born Boston, MA ca. 1770-died Washington, DC 1843"", ""Sitter"": ""David McClellan""}","{""Type"": ""Painting-Miniature""}",,"{""Date"": ""ca. 1805""}",[https://ids.si.edu/ids/deliveryService?id=SAAM-1956.7.1_1],"https://ids.si.edu/ids/iiif/SAAM-1956.7.1_1/full/250,/0/default.jpg"
David Ramsay,"{""Artist"": ""Charles Willson Peale, 15 Apr 1741 - 22 Feb 1827"", ""Sitter"": ""David Ramsay, 2 Apr 1749 - 8 May 1815""}","{""Type"": ""Painting""}","{""Place"": ""United States\\Pennsylvania\\Philadelphia""}","{""Date"": ""1771""}",[https://ids.si.edu/ids/deliveryService?id=NPG-B4000160A_2],"https://ids.si.edu/ids/iiif/NPG-B4000160A_2/full/250,/0/default.jpg"
David Rittenhouse,"{""Artist"": ""Charles Willson Peale, 15 Apr 1741 - 22 Feb 1827"", ""Sitter"": ""David Rittenhouse, 8 Apr 1732 - 26 Jun 1796""}","{""Type"": ""Painting""}","{""Place"": ""United States\\Pennsylvania\\Philadelphia\\Philadelphia""}","{""Date"": ""1796""}",[https://ids.si.edu/ids/deliveryService?id=NPG-NPG_98_73Rittenhouse_d1],"https://ids.si.edu/ids/iiif/NPG-NPG_98_73Rittenhouse_d1/full/250,/0/default.jpg"
David Wiley,"{""Artist"": ""Charles Peale Polk, 17 Mar 1767 - 6 May 1822"", ""Sitter"": ""David Wiley, c. 1768 - c. 1813""}","{""Type"": ""Painting""}",,"{""Date"": ""c. 1801""}",[https://ids.si.edu/ids/deliveryService?id=NPG-NPG_87_244Wiley-000001],"https://ids.si.edu/ids/iiif/NPG-NPG_87_244Wiley-000001/full/250,/0/default.jpg"
Don José Mas Ferrer,"{""Artist"": ""Jos\u00e9 Campeche y Jord\u00e1n, born San Juan, Puerto Rico 1751-died San Juan, Puerto Rico 1809"", ""Sitter"": ""Don Jose Mas Ferrer""}","{""Type"": ""Painting""}",,"{""Date"": ""ca. 1795""}",[https://ids.si.edu/ids/deliveryService?id=SAAM-1996.91.1_1],"https://ids.si.edu/ids/iiif/SAAM-1996.91.1_1/full/250,/0/default.jpg"
Dr. Elisha Poinsett,"{""Artist"": ""Edward Greene Malbone, born Newport, RI 1777-died Savannah, GA 1807"", ""Sitter"": ""Elisha Poinsett""}","{""Type"": ""Painting-Miniature""}",,"{""Date"": ""ca. 1801-1802""}",[https://ids.si.edu/ids/deliveryService?id=SAAM-1999.27.26_1],"https://ids.si.edu/ids/iiif/SAAM-1999.27.26_1/full/250,/0/default.jpg"
Dr. William Beekman,"{""Artist"": ""Alexander Robertson, born Aberdeen, Scotland-died New York City 1841"", ""Sitter"": ""William Beekman""}","{""Type"": ""Painting-Miniature""}",,"{""Date"": ""ca. 1795""}",[https://ids.si.edu/ids/deliveryService?id=SAAM-1942.11.8_1],"https://ids.si.edu/ids/iiif/SAAM-1942.11.8_1/full/250,/0/default.jpg"
Elizabeth Depeyster Peale,"{""Artist"": ""James Peale, 1749 - 24 May 1831"", ""Sitter"": ""Elizabeth Depeyster Peale, 1765 - 1804""}","{""Type"": ""Painting""}",,"{""Date"": ""1795""}",[https://ids.si.edu/ids/deliveryService?id=NPG-S_NPG_2009_49Depeyster-000004],"https://ids.si.edu/ids/iiif/NPG-S_NPG_2009_49Depeyster-000004/full/250,/0/default.jpg"
Elizabeth Du Hamel?,"{""Artist"": ""Henry Jacob Burch, Jr., English, born 1763-died after 1834"", ""Sitter"": ""Elizabeth Du Hamel""}","{""Type"": ""Painting-Miniature""}",,"{""Date"": ""ca. 1805""}",[https://ids.si.edu/ids/deliveryService?id=SAAM-1950.4.40_1],"https://ids.si.edu/ids/iiif/SAAM-1950.4.40_1/full/250,/0/default.jpg"
Elizabeth Grimké Rutledge,"{""Attribution"": ""John Trumbull, 6 Jun 1756 - 10 Nov 1843"", ""Sitter"": ""Elizabeth Grimk\u00e9 Rutledge, ? - 1792""}","{""Type"": ""Painting""}",,"{""Date"": ""c. 1791""}",[https://ids.si.edu/ids/deliveryService?id=NPG-S_NPG_97_191Rutledgealt-000002],"https://ids.si.edu/ids/iiif/NPG-S_NPG_97_191Rutledgealt-000002/full/250,/0/default.jpg"
Elizabeth Knapp,"{""Artist"": ""James Peale, born Chestertown, MD 1749-died Philadelphia, PA 1831"", ""Sitter"": ""Elizabeth Knapp""}","{""Type"": ""Painting-Miniature""}",,"{""Date"": ""1802""}",[https://ids.si.edu/ids/deliveryService?id=SAAM-1937.11.1_1],"https://ids.si.edu/ids/iiif/SAAM-1937.11.1_1/full/250,/0/default.jpg"
Elizabeth Linn Brown,"{""Artist"": ""William Dunlap, 18 Feb 1766 - 28 Sep 1839"", ""Sitter"": ""Elizabeth Linn Brown, 1775 - 1834""}","{""Type"": ""Painting""}","{""Place"": ""United States\\Pennsylvania\\Philadelphia\\Philadelphia""}","{""Date"": ""c. 1806""}",[https://ids.si.edu/ids/deliveryService?id=NPG-S_NPG_94_84_int],"https://ids.si.edu/ids/iiif/NPG-S_NPG_94_84_int/full/250,/0/default.jpg"
Elizabeth Oliphant,"{""Artist"": ""James Peale, born Chestertown, MD 1749-died Philadelphia, PA 1831"", ""Sitter"": ""Elizabeth Oliphant""}","{""Type"": ""Painting-Miniature""}",,"{""Date"": ""1795""}",[https://ids.si.edu/ids/deliveryService?id=SAAM-1942.2.3_1],"https://ids.si.edu/ids/iiif/SAAM-1942.2.3_1/full/250,/0/default.jpg"
Elizabeth Washington Gamble Wirt,"{""Artist"": ""Cephas Thompson, 1 Jul 1775 - 6 Nov 1856"", ""Former attribution"": ""John Vanderlyn, 15 Oct 1775 - 23 Sep 1852"", ""Sitter"": ""Elizabeth Washington Gamble Wirt, 30 Jan 1784 - 24 Jan 1857""}","{""Type"": ""Painting""}",,"{""Date"": ""c. 1809-10""}",[https://ids.si.edu/ids/deliveryService?id=NPG-S_NPG_89_12-000001],"https://ids.si.edu/ids/iiif/NPG-S_NPG_89_12-000001/full/250,/0/default.jpg"
Emily Smiley Snowden,"{""Artist"": ""Charles Peale Polk, born Annapolis, MD 1767-died Richmond Courthouse, VA 1822"", ""Sitter"": ""Emily Snowden""}","{""Type"": ""Painting""}",,"{""Date"": ""1793""}",[https://ids.si.edu/ids/deliveryService?id=SAAM-1977.104_1],"https://ids.si.edu/ids/iiif/SAAM-1977.104_1/full/250,/0/default.jpg"
English Gentleman,"{""Artist"": ""Unidentified (British)"", ""Sitter"": ""unidentified""}","{""Type"": ""Painting-Miniature""}",,"{""Date"": ""ca. 1810""}",[https://ids.si.edu/ids/deliveryService?id=SAAM-1950.4.21_1],"https://ids.si.edu/ids/iiif/SAAM-1950.4.21_1/full/250,/0/default.jpg"
Eye,"{""Artist"": ""Unidentified (British)""}","{""Type"": ""Painting-Miniature""}",,"{""Date"": ""ca. 1800""}",[https://ids.si.edu/ids/deliveryService?id=SAAM-1929.8.314.1_1],"https://ids.si.edu/ids/iiif/SAAM-1929.8.314.1_1/full/250,/0/default.jpg"
Eye Miniature on an Elliptical Ivory Box,"{""Artist"": ""Unidentified""}","{""Type"": ""Painting-Miniature""}",,"{""Date"": ""ca. 1800""}",[https://ids.si.edu/ids/deliveryService?id=SAAM-1999.27.77_1],"https://ids.si.edu/ids/iiif/SAAM-1999.27.77_1/full/250,/0/default.jpg"
Eye of a Lady,"{""Artist"": ""Unidentified (European)""}","{""Type"": ""Painting-Miniature""}",,"{""Date"": ""ca. 1800""}",[https://ids.si.edu/ids/deliveryService?id=SAAM-1929.8.313.3_1],"https://ids.si.edu/ids/iiif/SAAM-1929.8.313.3_1/full/250,/0/default.jpg"
Eye of a Lady,"{""Artist"": ""Unidentified (European)""}","{""Type"": ""Painting-Miniature""}",,"{""Date"": ""ca. 1800""}",[https://ids.si.edu/ids/deliveryService?id=SAAM-1929.8.315.1_1],"https://ids.si.edu/ids/iiif/SAAM-1929.8.315.1_1/full/250,/0/default.jpg"
Fisher Ames,"{""Artist"": ""Gilbert Stuart, 3 Dec 1755 - 9 Jul 1828"", ""Sitter"": ""Fisher Ames, 9 Apr 1758 - 4 Jul 1808""}","{""Type"": ""Painting""}",,"{""Date"": ""c. 1807""}",[https://ids.si.edu/ids/deliveryService?id=NPG-NPG_79_215Ames-000001],"https://ids.si.edu/ids/iiif/NPG-NPG_79_215Ames-000001/full/250,/0/default.jpg"
Francis Asbury,"{""Artist"": ""John Paradise, 24 Oct 1783 - 26 Sep 1833"", ""Sitter"": ""Francis Asbury, Aug 1745 - 31 Mar 1816""}","{""Type"": ""Painting""}",,"{""Date"": ""1813""}",[https://ids.si.edu/ids/deliveryService?id=NPG-NPG_90_82Asbury-000001],"https://ids.si.edu/ids/iiif/NPG-NPG_90_82Asbury-000001/full/250,/0/default.jpg"
Francis Scott Key,"{""Artist"": ""Rembrandt Peale, 22 Feb 1778 - 3 Oct 1860"", ""Sitter"": ""Francis Scott Key, 1 Aug 1779 - 11 Jan 1843""}","{""Type"": ""Painting""}","{""Place"": ""United States\\Maryland\\Anne Arundel\\Annapolis""}","{""Date"": ""c. 1796""}",[https://ids.si.edu/ids/deliveryService?id=NPG-NPG_2016_22],"https://ids.si.edu/ids/iiif/NPG-NPG_2016_22/full/250,/0/default.jpg"
Frederick Augustus Conrad Muhlenberg,"{""Artist"": ""Joseph Wright, 16 Jul 1756 - c. 11 Oct 1793"", ""Sitter"": ""Frederick Augustus Conrad Muhlenberg, 1 Jan 1750 - 4 Jun 1801""}","{""Type"": ""Painting""}",,"{""Date"": ""1790""}",[https://ids.si.edu/ids/deliveryService?id=NPG-NPG_74_1],"https://ids.si.edu/ids/iiif/NPG-NPG_74_1/full/250,/0/default.jpg"
General John Cadwalader,"{""Artist"": ""Charles Willson Peale, born Queen Anne's County, MD 1741-died Philadelphia, PA 1827"", ""Sitter"": ""John Cadwalader""}","{""Type"": ""Painting-Miniature""}",,"{""Date"": ""ca. 1788""}",[https://ids.si.edu/ids/deliveryService?id=SAAM-1999.27.30_1],"https://ids.si.edu/ids/iiif/SAAM-1999.27.30_1/full/250,/0/default.jpg"
George Clinton,"{""Attribution"": ""James Sharples, Jr., c. 1788 - 1839"", ""Other attribution"": ""Felix Thomas Sharples, c. 1786 - 1835?"", ""Former attribution"": ""James Sharples, c. 1751 - 1811"", ""Sitter"": ""George Clinton, 26 Jul 1739 - 20 Apr 1812""}","{""Type"": ""Painting""}",,"{""Date"": ""c. 1806""}",[https://ids.si.edu/ids/deliveryService?id=NPG-NPG_84_172],"https://ids.si.edu/ids/iiif/NPG-NPG_84_172/full/250,/0/default.jpg"
George Clymer,"{""Artist"": ""Unidentified Artist"", ""Copy after"": ""Charles Willson Peale, 15 Apr 1741 - 22 Feb 1827"", ""Sitter"": ""George Clymer, 16 Mar 1739 - 25 Jan 1813""}","{""Type"": ""Painting""}",,"{""Date"": ""c. 1807-10""}",[https://ids.si.edu/ids/deliveryService?id=NPG-7200010A],"https://ids.si.edu/ids/iiif/NPG-7200010A/full/250,/0/default.jpg"
George Fisher,"{""Artist"": ""Raphaelle Peale, born Annapolis, MD 1774-died Philadelphia, PA 1825"", ""Sitter"": ""George Fisher\nGeorge Fisher\nGeorge Fisher""}","{""Type"": ""Painting-Miniature""}",,"{""Date"": ""ca. 1795""}",[https://ids.si.edu/ids/deliveryService?id=SAAM-1950.4.24_1],"https://ids.si.edu/ids/iiif/SAAM-1950.4.24_1/full/250,/0/default.jpg"
George Read,"{""Artist"": ""Robert Edge Pine, c. 1730 - 1788"", ""Sitter"": ""George Read, 18 Sep 1733 - 21 Sep 1798""}","{""Type"": ""Painting""}",,"{""Date"": ""1784""}",[https://ids.si.edu/ids/deliveryService?id=NPG-NPG_72_4],"https://ids.si.edu/ids/iiif/NPG-NPG_72_4/full/250,/0/default.jpg"
George Rogers Clark,"{""Attribution"": ""C. D. Cook, active c. 1810"", ""Sitter"": ""Gen. George Rogers Clark, 19 Nov 1752 - 13 Feb 1818""}","{""Type"": ""Painting""}",,"{""Date"": ""c. 1810""}",[https://ids.si.edu/ids/deliveryService?id=NPG-NPG_69_48],"https://ids.si.edu/ids/iiif/NPG-NPG_69_48/full/250,/0/default.jpg"
George Washington,"{""Artist"": ""Rembrandt Peale, 22 Feb 1778 - 3 Oct 1860"", ""Sitter"": ""George Washington, 22 Feb 1732 - 14 Dec 1799""}","{""Type"": ""Painting""}",,"{""Date"": ""1795""}",[https://ids.si.edu/ids/deliveryService?id=NPG-NPG_65_59],"https://ids.si.edu/ids/iiif/NPG-NPG_65_59/full/250,/0/default.jpg"
George Washington,"{""Artist"": ""Robert Edge Pine, c. 1730 - 1788"", ""Sitter"": ""George Washington, 22 Feb 1732 - 14 Dec 1799""}","{""Type"": ""Painting""}",,"{""Date"": ""1785""}",[https://ids.si.edu/ids/deliveryService?id=NPG-NPG_80_16GW-000001],"https://ids.si.edu/ids/iiif/NPG-NPG_80_16GW-000001/full/250,/0/default.jpg"
George Washington,"{""depicted"": ""Washington, George"", ""maker"": ""Trumbull, John""}","{""Object Name"": ""Painting, Portrait"", ""Object Type"": ""portraits\npaintings""}",,"{""Date made"": ""circa 1793""}","[https://ids.si.edu/ids/deliveryService?id=NMAH-89-6827, https://ids.si.edu/ids/deliveryService?id=NMAH-89-6828, https://ids.si.edu/ids/deliveryService?id=SIA-89-6827]","https://ids.si.edu/ids/iiif/NMAH-89-6827/full/250,/0/default.jpg"
George Washington,"{""Attributed to"": ""William Winstanley, born England, active 1775-1806"", ""Sitter"": ""George Washington""}","{""Type"": ""Painting""}",,"{""Date"": ""1803?""}",[https://ids.si.edu/ids/deliveryService?id=SAAM-XX108A_1],"https://ids.si.edu/ids/iiif/SAAM-XX108A_1/full/250,/0/default.jpg"
George Washington,"{""Artist"": ""Ellen Wallace Sharples, 1769 - 1849"", ""Copy after"": ""James Sharples, c. 1751 - 1811"", ""Sitter"": ""George Washington, 22 Feb 1732 - 14 Dec 1799""}","{""Type"": ""Painting""}",,"{""Date"": ""c. 1803""}","[https://ids.si.edu/ids/deliveryService?id=NPG-NPG_2013_142GW-000001, https://ids.si.edu/ids/deliveryService?id=NPG-NPG_2013_142GW_int, https://ids.si.edu/ids/deliveryService?id=NPG-NPG_2013_142versoGW_int]","https://ids.si.edu/ids/iiif/NPG-NPG_2013_142GW-000001/full/250,/0/default.jpg"
George Washington,"{""Artist"": ""Unidentified Artist"", ""Copy after"": ""Gilbert Stuart, 3 Dec 1755 - 9 Jul 1828"", ""Sitter"": ""George Washington, 22 Feb 1732 - 14 Dec 1799""}","{""Type"": ""Painting""}",,"{""Date"": ""after 1796""}","[https://ids.si.edu/ids/deliveryService?id=NPG-NPG_2013_140GW-000001, https://ids.si.edu/ids/deliveryService?id=NPG-NPG_2013_140versoGW_int]","https://ids.si.edu/ids/iiif/NPG-NPG_2013_140GW-000001/full/250,/0/default.jpg"
George Washington,"{""Artist"": ""William Clarke, active 1785 - 1806"", ""Sitter"": ""George Washington, 22 Feb 1732 - 14 Dec 1799""}","{""Type"": ""Painting""}","{""Place"": ""United States\\Pennsylvania\\Philadelphia""}","{""Date"": ""1800""}",[https://ids.si.edu/ids/deliveryService?id=NPG-NPG_2012_90GW-000001],"https://ids.si.edu/ids/iiif/NPG-NPG_2012_90GW-000001/full/250,/0/default.jpg"
George Washington (Lansdowne Portrait),"{""Artist"": ""Gilbert Stuart, 3 Dec 1755 - 9 Jul 1828"", ""Sitter"": ""George Washington, 22 Feb 1732 - 14 Dec 1799""}","{""Type"": ""Painting""}","{""Place"": ""United States\\Pennsylvania\\Franklin\\Germantown""}","{""Date"": ""1796""}",[https://ids.si.edu/ids/deliveryService?id=NPG-NPG_2001_13_ext],"https://ids.si.edu/ids/iiif/NPG-NPG_2001_13_ext/full/250,/0/default.jpg"
Helen Brought to Paris,"{""Artist"": ""Benjamin West, born Springfield, PA 1738-died London, England 1820""}","{""Type"": ""Painting""}",,"{""Date"": ""1776""}",[https://ids.si.edu/ids/deliveryService?id=SAAM-1969.33_1],"https://ids.si.edu/ids/iiif/SAAM-1969.33_1/full/250,/0/default.jpg"
Henry B. Bounetheau's Aunt,"{""Artist"": ""Edward Greene Malbone, born Newport, RI 1777-died Savannah, GA 1807"", ""Sitter"": ""aunt Henry B. Bounetheau""}","{""Type"": ""Painting-Miniature""}",,"{""Date"": ""ca. 1804""}",[https://ids.si.edu/ids/deliveryService?id=SAAM-1946.3.16_1],"https://ids.si.edu/ids/iiif/SAAM-1946.3.16_1/full/250,/0/default.jpg"
Henry Cruger,"{""Attribution"": ""Luke Sullivan, 1705 - 1771"", ""Sitter"": ""Henry Cruger, 22 Nov 1739 - 24 Apr 1827""}","{""Type"": ""Painting""}",,"{""Date"": ""1770""}",[https://ids.si.edu/ids/deliveryService?id=NPG-NPG_81_117Cruger-000001],"https://ids.si.edu/ids/iiif/NPG-NPG_81_117Cruger-000001/full/250,/0/default.jpg"
Henry Knox,"{""Artist"": ""Charles Peale Polk, 17 Mar 1767 - 6 May 1822"", ""Copy after"": ""Charles Willson Peale, 15 Apr 1741 - 22 Feb 1827"", ""Sitter"": ""Henry Knox, 25 Jul 1750 - 25 Oct 1806""}","{""Type"": ""Painting""}",,"{""Date"": ""after 1783""}",[https://ids.si.edu/ids/deliveryService?id=NPG-NPG_73_11],"https://ids.si.edu/ids/iiif/NPG-NPG_73_11/full/250,/0/default.jpg"
Henry Laurens,"{""Artist"": ""John Singleton Copley, 3 Jul 1738 - 9 Sep 1815"", ""Sitter"": ""Henry Laurens, 6 Mar 1724 - 8 Dec 1792""}","{""Type"": ""Painting""}",,"{""Date"": ""1782""}",[https://ids.si.edu/ids/deliveryService?id=NPG-NPG_65_45Laurens_d1],"https://ids.si.edu/ids/iiif/NPG-NPG_65_45Laurens_d1/full/250,/0/default.jpg"
Hermia and Helena,"{""Artist"": ""Washington Allston, born Georgetown, SC 1779-died Cambridgeport, MA 1843"", ""Sitter"": ""Hermia\nHelena""}","{""Type"": ""Painting""}",,"{""Date"": ""before 1818""}",[https://ids.si.edu/ids/deliveryService?id=SAAM-1990.21_1],"https://ids.si.edu/ids/iiif/SAAM-1990.21_1/full/250,/0/default.jpg"
Horatio Gates,"{""Artist"": ""James Peale, 1749 - 24 May 1831"", ""Copy after"": ""Charles Willson Peale, 15 Apr 1741 - 22 Feb 1827"", ""Sitter"": ""Horatio Gates, 1727 - 1806""}","{""Type"": ""Painting""}",,"{""Date"": ""c. 1782""}",[https://ids.si.edu/ids/deliveryService?id=NPG-NPG_69_50],"https://ids.si.edu/ids/iiif/NPG-NPG_69_50/full/250,/0/default.jpg"
Howes Goldsborough,"{""Artist"": ""James Peale, born Chestertown, MD 1749-died Philadelphia, PA 1831"", ""Sitter"": ""Howes Goldsborough""}","{""Type"": ""Painting-Miniature""}",,"{""Date"": ""1799""}",[https://ids.si.edu/ids/deliveryService?id=SAAM-1948.5.1_1],"https://ids.si.edu/ids/iiif/SAAM-1948.5.1_1/full/250,/0/default.jpg"
Isaac Praul,"{""Artist"": ""Lewis Aubineau, active 1799-1814"", ""Sitter"": ""Isaac Praul""}","{""Type"": ""Painting-Miniature""}",,"{""Date"": ""ca. 1805""}",[https://ids.si.edu/ids/deliveryService?id=SAAM-1950.4.15_1],"https://ids.si.edu/ids/iiif/SAAM-1950.4.15_1/full/250,/0/default.jpg"
Isabel O'Daly,"{""Artist"": ""Jos\u00e9 Campeche y Jord\u00e1n, born San Juan, Puerto Rico 1751-died San Juan, Puerto Rico 1809"", ""Sitter"": ""Isabel O'Daly""}","{""Type"": ""Painting""}",,"{""Date"": ""1808""}",[https://ids.si.edu/ids/deliveryService?id=SAAM-1996.91.2_1],"https://ids.si.edu/ids/iiif/SAAM-1996.91.2_1/full/250,/0/default.jpg"
"James Cunningham, Last Earl of Glencairn","{""Artist"": ""Unidentified (British)"", ""Sitter"": ""James Cunningham""}","{""Type"": ""Painting-Miniature""}",,"{""Date"": ""ca. 1790""}",[https://ids.si.edu/ids/deliveryService?id=SAAM-1951.3.8_1],"https://ids.si.edu/ids/iiif/SAAM-1951.3.8_1/full/250,/0/default.jpg"
James Madison,"{""Artist"": ""Thomas Sully, 19 Jun 1783 - 5 Nov 1872"", ""Derived from"": ""Gilbert Stuart, 3 Dec 1755 - 9 Jul 1828"", ""Sitter"": ""James Madison, 16 Mar 1751 - 28 Jun 1836""}","{""Type"": ""Painting""}",,"{""Date"": ""1809""}",[https://ids.si.edu/ids/deliveryService?id=NPG-NPG_2019_32-000001],"https://ids.si.edu/ids/iiif/NPG-NPG_2019_32-000001/full/250,/0/default.jpg"
James Rumsey,"{""Attributed to"": ""George William West, born St. Andrew's Parish, MD 1770-died 1795"", ""Sitter"": ""James Rumsey""}","{""Type"": ""Painting""}",,"{""Date"": ""ca. 1790""}",[https://ids.si.edu/ids/deliveryService?id=SAAM-1957.11.2_1],"https://ids.si.edu/ids/iiif/SAAM-1957.11.2_1/full/250,/0/default.jpg"
James Smithson,"{""Artist"": ""James Roberts, 1753 - c. 1809"", ""Sitter"": ""James Smithson, c. 1765 - 1829""}","{""Type"": ""Painting""}","{""Place"": ""United Kingdom\\England""}","{""Date"": ""1786""}",[https://ids.si.edu/ids/deliveryService?id=NPG-NPG_96_28Smithson1L-000001],"https://ids.si.edu/ids/iiif/NPG-NPG_96_28Smithson1L-000001/full/250,/0/default.jpg"
James Wilson,"{""Artist"": ""Jean Pierre Henri Elouis, French, born Caen, France 1755-died Caen, France 1840"", ""Sitter"": ""James Wilson""}","{""Type"": ""Painting-Miniature""}",,"{""Date"": ""ca. 1792""}",[https://ids.si.edu/ids/deliveryService?id=SAAM-1952.3.3_1],"https://ids.si.edu/ids/iiif/SAAM-1952.3.3_1/full/250,/0/default.jpg"
Jane Gray Wall,"{""Artist"": ""Joseph Francis Burrell, English, born 1770-died after 1854"", ""Sitter"": ""Jane Gray Wall""}","{""Type"": ""Painting-Miniature""}",,"{""Date"": ""ca. 1795""}",[https://ids.si.edu/ids/deliveryService?id=SAAM-1999.87.3_1],"https://ids.si.edu/ids/iiif/SAAM-1999.87.3_1/full/250,/0/default.jpg"
Jane Stone,"{""Artist"": ""Benjamin Trott, born Boston, MA ca. 1770-died Washington, DC 1843"", ""Sitter"": ""Jane Stone""}","{""Type"": ""Painting-Miniature""}",,"{""Date"": ""ca. 1805""}",[https://ids.si.edu/ids/deliveryService?id=SAAM-1934.11.1_1],"https://ids.si.edu/ids/iiif/SAAM-1934.11.1_1/full/250,/0/default.jpg"
Jeremiah Williams,"{""Artist"": ""Christian Gullager, born Copenhagen, Denmark 1759-died Philadelphia, PA 1826"", ""Sitter"": ""Jeremiah Williams""}","{""Type"": ""Painting""}",,"{""Date"": ""ca. 1789-1790""}",[https://ids.si.edu/ids/deliveryService?id=SAAM-1977.101.1_2],"https://ids.si.edu/ids/iiif/SAAM-1977.101.1_2/full/250,/0/default.jpg"
Joel Barlow,"{""Artist"": ""William Dunlap, 18 Feb 1766 - 28 Sep 1839"", ""Sitter"": ""Joel Barlow, 24 Mar 1754 - 26 Dec 1812""}","{""Type"": ""Painting""}",,"{""Date"": ""1806""}",[https://ids.si.edu/ids/deliveryService?id=NPG-NPG_76_30],"https://ids.si.edu/ids/iiif/NPG-NPG_76_30/full/250,/0/default.jpg"
Joel Barlow,"{""Artist"": ""Robert Fulton, 14 Nov 1765 - 25 Feb 1815"", ""Sitter"": ""Joel Barlow, 24 Mar 1754 - 26 Dec 1812""}","{""Type"": ""Painting""}",,"{""Date"": ""1805""}",[https://ids.si.edu/ids/deliveryService?id=NPG-NPG_83_249],"https://ids.si.edu/ids/iiif/NPG-NPG_83_249/full/250,/0/default.jpg"
John Adams,"{""Artist"": ""John Trumbull, 6 Jun 1756 - 10 Nov 1843"", ""Former attribution"": ""Gilbert Stuart, 3 Dec 1755 - 9 Jul 1828"", ""Sitter"": ""John Adams, 30 Oct 1735 - 4 Jul 1826""}","{""Type"": ""Painting""}","{""Place"": ""United States\\Pennsylvania\\Philadelphia\\Philadelphia""}","{""Date"": ""1793""}",[https://ids.si.edu/ids/deliveryService?id=NPG-NPG_75_52],"https://ids.si.edu/ids/iiif/NPG-NPG_75_52/full/250,/0/default.jpg"
John Dallas,"{""Artist"": ""Unidentified"", ""Sitter"": ""John Dallas""}","{""Type"": ""Painting-Miniature""}",,"{""Date"": ""ca. 1801""}",[https://ids.si.edu/ids/deliveryService?id=SAAM-1999.27.80_1],"https://ids.si.edu/ids/iiif/SAAM-1999.27.80_1/full/250,/0/default.jpg"
John Ewing,"{""Artist"": ""Charles Willson Peale, 15 Apr 1741 - 22 Feb 1827"", ""Sitter"": ""John Ewing, 1732 - 1802""}","{""Type"": ""Painting""}","{""Place"": ""United States\\Pennsylvania\\Philadelphia\\Philadelphia""}","{""Date"": ""1788""}",[https://ids.si.edu/ids/deliveryService?id=NPG-NPG_2001_15],"https://ids.si.edu/ids/iiif/NPG-NPG_2001_15/full/250,/0/default.jpg"
John Howard Payne,"{""Artist"": ""John Wesley Jarvis, 1780 - 14 Jan 1840"", ""Sitter"": ""John Howard Payne, 9 Jun 1791 - 10 Apr 1852""}","{""Type"": ""Painting""}","{""Place"": ""United States\\Maryland\\Baltimore Independent City\\Baltimore""}","{""Date"": ""1812""}",[https://ids.si.edu/ids/deliveryService?id=NPG-NPG_2019_28-000001],"https://ids.si.edu/ids/iiif/NPG-NPG_2019_28-000001/full/250,/0/default.jpg"
John Jauncey Ketchum,"{""Artist"": ""Walter Robertson, Irish, born Dublin, Ireland ca. 1750-died Fatehpur, India 1801/02"", ""Sitter"": ""John Jauncey Ketchum""}","{""Type"": ""Painting-Miniature""}",,"{""Date"": ""ca. 1795""}",[https://ids.si.edu/ids/deliveryService?id=SAAM-1986.64.1_1],"https://ids.si.edu/ids/iiif/SAAM-1986.64.1_1/full/250,/0/default.jpg"
John Laurens,"{""Artist"": ""Charles Willson Peale, 15 Apr 1741 - 22 Feb 1827"", ""Sitter"": ""John Laurens, 28 Oct 1754 - 27 Aug 1782""}","{""Type"": ""Painting""}",,"{""Date"": ""1780""}","[https://ids.si.edu/ids/deliveryService?id=NPG-NPG_2009_111, https://ids.si.edu/ids/deliveryService?id=NPG-NPG_2009_111reverse]","https://ids.si.edu/ids/iiif/NPG-NPG_2009_111/full/250,/0/default.jpg"
John Marshall,"{""Artist"": ""Cephas Thompson, 1 Jul 1775 - 6 Nov 1856"", ""Sitter"": ""John Marshall, 24 Sep 1755 - 6 Jul 1835""}","{""Type"": ""Painting""}",,"{""Date"": ""1809-10""}",[https://ids.si.edu/ids/deliveryService?id=NPG-NPG_2010_48_ext],"https://ids.si.edu/ids/iiif/NPG-NPG_2010_48_ext/full/250,/0/default.jpg"
John Paul Jones,"{""Artist"": ""Unidentified Artist"", ""Former attribution"": ""Charlotte-Marguerite de Bourbon, Comtesse de Lowendahl, 1754 - 1839"", ""Sitter"": ""John Paul Jones, 6 Jul 1747 - 18 Jul 1792""}","{""Type"": ""Painting""}",,"{""Date"": ""1780""}",[https://ids.si.edu/ids/deliveryService?id=NPG-NPG_73_10Jones_int],"https://ids.si.edu/ids/iiif/NPG-NPG_73_10Jones_int/full/250,/0/default.jpg"
John Quincy Adams,"{""Artist"": ""Pieter Van Huffel, 1769 - 1844"", ""Sitter"": ""John Quincy Adams, 11 Jul 1767 - 23 Feb 1848""}","{""Type"": ""Painting""}","{""Place"": ""Belgi\u00eb\\Vlaanderen\\Oost-Vlaanderen\\Ghent""}","{""Date"": ""1815""}",[https://ids.si.edu/ids/deliveryService?id=NPG-NPG_70_12Adams-000002],"https://ids.si.edu/ids/iiif/NPG-NPG_70_12Adams-000002/full/250,/0/default.jpg"
John Quincy Adams,"{""Artist"": ""Unidentified"", ""Sitter"": ""John Quincy Adams""}","{""Type"": ""Painting-Miniature""}",,"{""Date"": ""early 19th century""}",[https://ids.si.edu/ids/deliveryService?id=SAAM-1999.27.58_1],"https://ids.si.edu/ids/iiif/SAAM-1999.27.58_1/full/250,/0/default.jpg"
John Randolph,"{""Artist"": ""John Wesley Jarvis, 1780 - 14 Jan 1840"", ""Sitter"": ""John Randolph, 2 Jun 1773 - 24 May 1833""}","{""Type"": ""Painting""}",,"{""Date"": ""1811""}",[https://ids.si.edu/ids/deliveryService?id=NPG-NPG_70_246Randolph_d1],"https://ids.si.edu/ids/iiif/NPG-NPG_70_246Randolph_d1/full/250,/0/default.jpg"
John Rutledge,"{""Attribution"": ""John Trumbull, 6 Jun 1756 - 10 Nov 1843"", ""Sitter"": ""John Rutledge, 1739 - 18 Jul 1800""}","{""Type"": ""Painting""}",,"{""Date"": ""c. 1791""}",[https://ids.si.edu/ids/deliveryService?id=NPG-9700390A_1],"https://ids.si.edu/ids/iiif/NPG-9700390A_1/full/250,/0/default.jpg"
John Sergeant,"{""Artist"": ""Thomas Sully, 19 Jun 1783 - 5 Nov 1872"", ""Sitter"": ""John Sergeant, 5 Dec 1779 - 25 Nov 1852""}","{""Type"": ""Painting""}",,"{""Date"": ""1811""}",[https://ids.si.edu/ids/deliveryService?id=NPG-8400358A_1],"https://ids.si.edu/ids/iiif/NPG-8400358A_1/full/250,/0/default.jpg"
John Singleton Copley Self-Portrait,"{""Artist"": ""John Singleton Copley, 3 Jul 1738 - 9 Sep 1815"", ""Sitter"": ""John Singleton Copley, 3 Jul 1738 - 9 Sep 1815""}","{""Type"": ""Painting""}",,"{""Date"": ""c. 1780-84""}",[https://ids.si.edu/ids/deliveryService?id=NPG-NPG_77_22-000001],"https://ids.si.edu/ids/iiif/NPG-NPG_77_22-000001/full/250,/0/default.jpg"
John Swanwick,"{""Artist"": ""Matthew Pratt, born Philadelphia, PA 1734-died Philadelphia, PA 1805"", ""Sitter"": ""John Swanwick""}","{""Type"": ""Painting""}",,"{""Date"": ""ca. 1800""}",[https://ids.si.edu/ids/deliveryService?id=SAAM-2010.16.2_1],"https://ids.si.edu/ids/iiif/SAAM-2010.16.2_1/full/250,/0/default.jpg"
John Tower,"{""Artist"": ""James Peale, born Chestertown, MD 1749-died Philadelphia, PA 1831"", ""Sitter"": ""John Tower""}","{""Type"": ""Painting-Miniature""}",,"{""Date"": ""1806""}",[https://ids.si.edu/ids/deliveryService?id=SAAM-1999.27.35_1],"https://ids.si.edu/ids/iiif/SAAM-1999.27.35_1/full/250,/0/default.jpg"
John Winthrop,"{""Artist"": ""Unidentified Artist"", ""Copy after"": ""Unidentified Artist"", ""Sitter"": ""John Winthrop, 1587/8 - 1649""}","{""Type"": ""Painting""}",,"{""Date"": ""c. 1800, after early 17th century original""}",[https://ids.si.edu/ids/deliveryService?id=NPG-NPG_2004_1],"https://ids.si.edu/ids/iiif/NPG-NPG_2004_1/full/250,/0/default.jpg"
John Witherspoon,"{""Artist"": ""Rembrandt Peale, 22 Feb 1778 - 3 Oct 1860"", ""Copy after"": ""Charles Willson Peale, 15 Apr 1741 - 22 Feb 1827"", ""Sitter"": ""John Witherspoon, 5 Feb 1723 - 15 Nov 1794""}","{""Type"": ""Painting""}",,"{""Date"": ""1794""}",[https://ids.si.edu/ids/deliveryService?id=NPG-NPG_91_81Witherspoon_d1],"https://ids.si.edu/ids/iiif/NPG-NPG_91_81Witherspoon_d1/full/250,/0/default.jpg"
Jonas Phillips,"{""Artist"": ""Unidentified Artist"", ""Sitter"": ""Jonas Phillips, 1736 - 29 Jan 1803""}","{""Type"": ""Painting""}",,"{""Date"": ""c. 1790""}",[https://ids.si.edu/ids/deliveryService?id=NPG-NPG_97_189-000001],"https://ids.si.edu/ids/iiif/NPG-NPG_97_189-000001/full/250,/0/default.jpg"
Joseph Ball,"{""Artist"": ""Christian Gullager, born Copenhagen, Denmark 1759-died Philadelphia, PA 1826"", ""Sitter"": ""Joseph Ball""}","{""Type"": ""Painting""}",,"{""Date"": ""1798 -1805""}",[https://ids.si.edu/ids/deliveryService?id=SAAM-2010.16.1_1],"https://ids.si.edu/ids/iiif/SAAM-2010.16.1_1/full/250,/0/default.jpg"
Joseph Curwen,"{""Artist"": ""Edward Greene Malbone, born Newport, RI 1777-died Savannah, GA 1807"", ""Sitter"": ""Joseph Curwen""}","{""Type"": ""Painting-Miniature""}",,"{""Date"": ""1804""}",[https://ids.si.edu/ids/deliveryService?id=SAAM-1984.2_1],"https://ids.si.edu/ids/iiif/SAAM-1984.2_1/full/250,/0/default.jpg"
Joseph Fox,"{""Artist"": ""Unidentified"", ""Sitter"": ""Joseph Fox""}","{""Type"": ""Painting-Miniature""}",,"{""Date"": ""1790s""}",[https://ids.si.edu/ids/deliveryService?id=SAAM-1999.27.68_1],"https://ids.si.edu/ids/iiif/SAAM-1999.27.68_1/full/250,/0/default.jpg"
Joseph Galloway,"{""Attribution"": ""Thomas Day, c. 1732 - c. 1807"", ""Sitter"": ""Joseph Galloway, 1731 - 29 Aug 1803""}","{""Type"": ""Painting""}",,"{""Date"": ""c. 1775""}",[https://ids.si.edu/ids/deliveryService?id=NPG-NPG_92_33_int-000001],"https://ids.si.edu/ids/iiif/NPG-NPG_92_33_int-000001/full/250,/0/default.jpg"
Joseph Lavoir de Repiton,"{""Artist"": ""Francis Rabineau, active 1791-1808"", ""Sitter"": ""Joseph Repiton""}","{""Type"": ""Painting-Miniature""}",,"{""Date"": ""ca. 1798""}",[https://ids.si.edu/ids/deliveryService?id=SAAM-1980.126.2_1],"https://ids.si.edu/ids/iiif/SAAM-1980.126.2_1/full/250,/0/default.jpg"
Josiah Hewes Anthony,"{""Artist"": ""James Peale, born Chestertown, MD 1749-died Philadelphia, PA 1831"", ""Sitter"": ""Josiah Hewes Anthony""}","{""Type"": ""Painting-Miniature""}",,"{""Date"": ""1790""}",[https://ids.si.edu/ids/deliveryService?id=SAAM-1952.12.2_1],"https://ids.si.edu/ids/iiif/SAAM-1952.12.2_1/full/250,/0/default.jpg"
Juliana Westray Wood,"{""Artist"": ""Rembrandt Peale, 22 Feb 1778 - 3 Oct 1860"", ""Sitter"": ""Juliana Westray Wood, 1778 - 1838""}","{""Type"": ""Painting""}",,"{""Date"": ""c. 1811""}",[https://ids.si.edu/ids/deliveryService?id=NPG-NPG_81_120Wood_d1],"https://ids.si.edu/ids/iiif/NPG-NPG_81_120Wood_d1/full/250,/0/default.jpg"
La Natividad,"{""Artist"": ""Jos\u00e9 Campeche y Jord\u00e1n, born San Juan, Puerto Rico 1751-died San Juan, Puerto Rico 1809""}","{""Type"": ""Painting""}",,"{""Date"": ""ca. 1799""}",[https://ids.si.edu/ids/deliveryService?id=SAAM-1996.91.6_1],"https://ids.si.edu/ids/iiif/SAAM-1996.91.6_1/full/250,/0/default.jpg"
La Virgen del pilar,"{""Artist"": ""Jos\u00e9 Campeche y Jord\u00e1n, born San Juan, Puerto Rico 1751-died San Juan, Puerto Rico 1809""}","{""Type"": ""Painting""}",,"{""Date"": ""late 18th century""}",[https://ids.si.edu/ids/deliveryService?id=SAAM-1996.91.8_1],"https://ids.si.edu/ids/iiif/SAAM-1996.91.8_1/full/250,/0/default.jpg"
Landscape,"{""Artist"": ""Unidentified (British)"", ""Formerly attributed to"": ""Thomas Gainsborough, English, born Sudbury, England 1727-died London, England 1788""}","{""Type"": ""Painting""}",,"{""Date"": ""late 18th century""}",[https://ids.si.edu/ids/deliveryService?id=SAAM-1956.11.19_1],"https://ids.si.edu/ids/iiif/SAAM-1956.11.19_1/full/250,/0/default.jpg"
Lawrence Reid Yates,"{""Artist"": ""Walter Robertson, Irish, born Dublin, Ireland ca. 1750-died Fatehpur, India 1801/02"", ""Copy after"": ""Gilbert Stuart, born Saunderstown, Rhode Island Colony (now North Kingstown, RI) 1755-died Bosto"", ""Sitter"": ""Lawrence Reid Yates""}","{""Type"": ""Painting-Miniature""}",,"{""Date"": ""ca. 1794""}",[https://ids.si.edu/ids/deliveryService?id=SAAM-1956.1.3_1],"https://ids.si.edu/ids/iiif/SAAM-1956.1.3_1/full/250,/0/default.jpg"
Le Duc de Liancourt,"{""Artist"": ""Charles Willson Peale, born Queen Anne's County, MD 1741-died Philadelphia, PA 1827"", ""Sitter"": ""Duc de Liancourt""}","{""Type"": ""Painting-Miniature""}",,"{""Date"": ""ca.1794-1797""}",[https://ids.si.edu/ids/deliveryService?id=SAAM-1974.87_1],"https://ids.si.edu/ids/iiif/SAAM-1974.87_1/full/250,/0/default.jpg"
"Louis-Guillaume Otto, comte de Mosloy","{""Artist"": ""Charles Willson Peale, born Queen Anne's County, MD 1741-died Philadelphia, PA 1827"", ""Sitter"": ""Comte de Mosloy Louis Guillaume Otto""}","{""Type"": ""Painting-Miniature""}",,"{""Date"": ""ca. 1780""}",[https://ids.si.edu/ids/deliveryService?id=SAAM-1999.87.6_1],"https://ids.si.edu/ids/iiif/SAAM-1999.87.6_1/full/250,/0/default.jpg"
Major-General Anthony Wayne,"{""Artist"": ""James Peale, born Chestertown, MD 1749-died Philadelphia, PA 1831"", ""Sitter"": ""Anthony Wayne""}","{""Type"": ""Painting-Miniature""}",,"{""Date"": ""ca. 1795""}",[https://ids.si.edu/ids/deliveryService?id=SAAM-1999.27.41_1],"https://ids.si.edu/ids/iiif/SAAM-1999.27.41_1/full/250,/0/default.jpg"
Margaret Spear Smith,"{""Artist"": ""Gilbert Stuart, 3 Dec 1755 - 9 Jul 1828"", ""Sitter"": ""Margaret Spear Smith, 1758 - 1842""}","{""Type"": ""Painting""}",,"{""Date"": ""c. 1800""}",[https://ids.si.edu/ids/deliveryService?id=NPG-S_NPG_66_64],"https://ids.si.edu/ids/iiif/NPG-S_NPG_66_64/full/250,/0/default.jpg"
Marguerite Repiton (Mrs. Joseph),"{""Artist"": ""Francis Rabineau, active 1791-1808"", ""Sitter"": ""Mrs. Joseph Repiton\nMarguerite Repiton""}","{""Type"": ""Painting-Miniature""}",,"{""Date"": ""ca. 1798""}",[https://ids.si.edu/ids/deliveryService?id=SAAM-1980.126.3_1],"https://ids.si.edu/ids/iiif/SAAM-1980.126.3_1/full/250,/0/default.jpg"
Marine,"{""Artist"": ""Unidentified (British)"", ""Formerly attributed to"": ""Richard Parkes Bonington, English, born Arnold, England 1801/02-died London, England 1828""}","{""Type"": ""Painting""}",,"{""Date"": ""ca. 1802-1828""}",[https://ids.si.edu/ids/deliveryService?id=SAAM-1956.11.13_1],"https://ids.si.edu/ids/iiif/SAAM-1956.11.13_1/full/250,/0/default.jpg"
Mary Abigail Willing Coale,"{""Artist"": ""Thomas Sully, born Horncastle, England 1783-died Philadelphia, PA 1872"", ""Sitter"": ""Mary Abigail Willing Coale""}","{""Type"": ""Painting""}",,"{""Date"": ""1809""}",[https://ids.si.edu/ids/deliveryService?id=SAAM-1926.6.4_1],"https://ids.si.edu/ids/iiif/SAAM-1926.6.4_1/full/250,/0/default.jpg"
Mary Thayer Holden,"{""Artist"": ""Thomas Young, born 1765-died 1821"", ""Sitter"": ""Mary Thayer Holden""}","{""Type"": ""Painting-Miniature""}",,"{""Date"": ""ca. 1805""}",[https://ids.si.edu/ids/deliveryService?id=SAAM-1950.4.3_1],"https://ids.si.edu/ids/iiif/SAAM-1950.4.3_1/full/250,/0/default.jpg"
Mary Walsh McBlair,"{""Copy after"": ""Thomas Sully, born Horncastle, England 1783-died Philadelphia, PA 1872"", ""Sitter"": ""Mary Walsh McBlair""}","{""Type"": ""Painting-Miniature""}",,"{""Date"": ""ca. 1801-1872""}",[https://ids.si.edu/ids/deliveryService?id=SAAM-1999.27.47_1],"https://ids.si.edu/ids/iiif/SAAM-1999.27.47_1/full/250,/0/default.jpg"
Master Peters,"{""Artist"": ""Joseph Wood, born Clarkstown, NY 1778-died Washington, DC 1830"", ""Sitter"": ""Master Peters""}","{""Type"": ""Painting-Miniature""}",,"{""Date"": ""1804""}",[https://ids.si.edu/ids/deliveryService?id=SAAM-1981.32_1],"https://ids.si.edu/ids/iiif/SAAM-1981.32_1/full/250,/0/default.jpg"
Matilda Davis Williams,"{""Artist"": ""Christian Gullager, born Copenhagen, Denmark 1759-died Philadelphia, PA 1826"", ""Sitter"": ""Matilda Davis Williams""}","{""Type"": ""Painting""}",,"{""Date"": ""ca. 1791-1792""}",[https://ids.si.edu/ids/deliveryService?id=SAAM-1977.101.2_2],"https://ids.si.edu/ids/iiif/SAAM-1977.101.2_2/full/250,/0/default.jpg"
Member of the Mayfield Family,"{""Artist"": ""George Place, Irish, born Dublin, Ireland 1760 or 1775-died Lucknow, India 1805 or 1809"", ""Sitter"": ""Mayfield""}","{""Type"": ""Painting-Miniature""}",,"{""Date"": ""ca. 1805""}",[https://ids.si.edu/ids/deliveryService?id=SAAM-1953.7.4_1],"https://ids.si.edu/ids/iiif/SAAM-1953.7.4_1/full/250,/0/default.jpg"
Member of the Washington Family,"{""Artist"": ""James Peale, born Chestertown, MD 1749-died Philadelphia, PA 1831"", ""Sitter"": ""unidentified\nunidentified\nunidentified""}","{""Type"": ""Painting-Miniature""}",,"{""Date"": ""ca. 1795""}",[https://ids.si.edu/ids/deliveryService?id=SAAM-1950.10.2_1-000001],"https://ids.si.edu/ids/iiif/SAAM-1950.10.2_1-000001/full/250,/0/default.jpg"
Member of the Yates Family,"{""Artist"": ""Unidentified"", ""Sitter"": ""Yates""}","{""Type"": ""Painting-Miniature""}",,"{""Date"": ""ca. 1780""}",[https://ids.si.edu/ids/deliveryService?id=SAAM-1956.1.1_1],"https://ids.si.edu/ids/iiif/SAAM-1956.1.1_1/full/250,/0/default.jpg"
Miriam Etting Myers,"{""Artist"": ""Benjamin Trott, born Boston, MA ca. 1770-died Washington, DC 1843"", ""Sitter"": ""Miriam Etting Myers""}","{""Type"": ""Painting-Miniature""}",,"{""Date"": ""ca. 1805""}",[https://ids.si.edu/ids/deliveryService?id=SAAM-1959.5.1_1],"https://ids.si.edu/ids/iiif/SAAM-1959.5.1_1/full/250,/0/default.jpg"
Miss Kirkpatrick,"{""Artist"": ""George Romney, English, born Dalton-le-Furness, England 1734-died Kendal, England 1802"", ""Sitter"": ""Miss Kirkpatrick""}","{""Type"": ""Painting""}",,"{""Date"": ""ca. 1772""}",[https://ids.si.edu/ids/deliveryService?id=SAAM-1906.9.17_1],"https://ids.si.edu/ids/iiif/SAAM-1906.9.17_1/full/250,/0/default.jpg"
Miss Lettie Stanley,"{""Artist"": ""Unidentified"", ""Sitter"": ""Lettie Stanley""}","{""Type"": ""Painting-Miniature""}",,"{""Date"": ""ca. 1810""}",[https://ids.si.edu/ids/deliveryService?id=SAAM-1950.4.29_1],"https://ids.si.edu/ids/iiif/SAAM-1950.4.29_1/full/250,/0/default.jpg"
Mourning Locket for A. R.,"{""Artist"": ""Unidentified""}","{""Type"": ""Painting-Miniature""}",,"{""Date"": ""ca. 1780""}",[https://ids.si.edu/ids/deliveryService?id=SAAM-1938.7.1_1],"https://ids.si.edu/ids/iiif/SAAM-1938.7.1_1/full/250,/0/default.jpg"
Mourning Miniature for E. W.,"{""Artist"": ""Unidentified""}","{""Type"": ""Painting-Miniature""}",,"{""Date"": ""ca. 1800""}",[https://ids.si.edu/ids/deliveryService?id=SAAM-1980.95.3_1],"https://ids.si.edu/ids/iiif/SAAM-1980.95.3_1/full/250,/0/default.jpg"
Mourning Pin,"{""Artist"": ""Unidentified""}","{""Type"": ""Painting-Miniature""}",,"{""Date"": ""1790s""}",[https://ids.si.edu/ids/deliveryService?id=SAAM-1999.27.79_1],"https://ids.si.edu/ids/iiif/SAAM-1999.27.79_1/full/250,/0/default.jpg"
Mourning Ring for William Burnside,"{""Artist"": ""Unidentified""}","{""Type"": ""Painting-Miniature""}",,"{""Date"": ""1788""}",[https://ids.si.edu/ids/deliveryService?id=SAAM-1999.27.56_1],"https://ids.si.edu/ids/iiif/SAAM-1999.27.56_1/full/250,/0/default.jpg"
Mr. Baker,"{""Attributed to"": ""Charles H\u00e9nard, French, born Bourg-en-Bresse, France 1757-died after 1808"", ""Sitter"": ""Mr. Baker""}","{""Type"": ""Painting-Miniature""}",,"{""Date"": ""ca. 1800-1814""}",[https://ids.si.edu/ids/deliveryService?id=SAAM-1999.27.18_1],"https://ids.si.edu/ids/iiif/SAAM-1999.27.18_1/full/250,/0/default.jpg"
Mr. John Corlis,"{""Artist"": ""Edward Greene Malbone, born Newport, RI 1777-died Savannah, GA 1807"", ""Sitter"": ""John Corlis""}","{""Type"": ""Painting-Miniature""}",,"{""Date"": ""1795""}",[https://ids.si.edu/ids/deliveryService?id=SAAM-1980.29.1_1],"https://ids.si.edu/ids/iiif/SAAM-1980.29.1_1/full/250,/0/default.jpg"
Mr. Lawrence of Boston,"{""Artist"": ""Edward Greene Malbone, born Newport, RI 1777-died Savannah, GA 1807"", ""Sitter"": ""Mr. Lawrence""}","{""Type"": ""Painting-Miniature""}",,"{""Date"": ""1803""}",[https://ids.si.edu/ids/deliveryService?id=SAAM-1929.6.71_1],"https://ids.si.edu/ids/iiif/SAAM-1929.6.71_1/full/250,/0/default.jpg"
Mr. Nichol,"{""Artist"": ""John Wesley Jarvis, born South Shields, England 1780-died New York City 1840"", ""Sitter"": ""Mr. Nichol""}","{""Type"": ""Painting-Miniature""}",,"{""Date"": ""1809""}",[https://ids.si.edu/ids/deliveryService?id=SAAM-1942.2.1_1],"https://ids.si.edu/ids/iiif/SAAM-1942.2.1_1/full/250,/0/default.jpg"
Mrs. Abraham Van Santvoort of New York,"{""Artist"": ""Ezra Ames, born Framingham, MA 1768-died Albany, NY 1836"", ""Sitter"": ""Mrs. Abraham Van Santvoort""}","{""Type"": ""Painting-Miniature""}",,"{""Date"": ""ca. 1805""}",[https://ids.si.edu/ids/deliveryService?id=SAAM-1950.4.18_1],"https://ids.si.edu/ids/iiif/SAAM-1950.4.18_1/full/250,/0/default.jpg"
Mrs. Alexander Rose (Margaret Smith),"{""Artist"": ""Pierre Henri, born Paris, France ca. 1760-died NY 1822"", ""Sitter"": ""Mrs. Alexander Rose\nMargaret Smith""}","{""Type"": ""Painting-Miniature""}",,"{""Date"": ""ca. 1788""}",[https://ids.si.edu/ids/deliveryService?id=SAAM-1933.7.1_1],"https://ids.si.edu/ids/iiif/SAAM-1933.7.1_1/full/250,/0/default.jpg"
Mrs. Baker,"{""Attributed to"": ""Charles H\u00e9nard, French, born Bourg-en-Bresse, France 1757-died after 1808"", ""Sitter"": ""Mrs. Baker""}","{""Type"": ""Painting-Miniature""}",,"{""Date"": ""ca. 1800-1814""}",[https://ids.si.edu/ids/deliveryService?id=SAAM-1999.27.19_1],"https://ids.si.edu/ids/iiif/SAAM-1999.27.19_1/full/250,/0/default.jpg"
Mrs. Cornelius Baldwin (Mary Briscoe),"{""Artist"": ""Philippe Abraham Peticolas, born Meziers, France 1760-died Petersburg, VA 1841"", ""Sitter"": ""Mary Briscoe Baldwin""}","{""Type"": ""Painting-Miniature""}",,"{""Date"": ""1797""}",[https://ids.si.edu/ids/deliveryService?id=SAAM-1943.3.2_1],"https://ids.si.edu/ids/iiif/SAAM-1943.3.2_1/full/250,/0/default.jpg"
Mrs. Elizabeth Pollock Hartigan,"{""Artist"": ""Walter Robertson, Irish, born Dublin, Ireland ca. 1750-died Fatehpur, India 1801/02"", ""Sitter"": ""Mrs. Elizabeth Pollock Hartigan""}","{""Type"": ""Painting-Miniature""}",,"{""Date"": ""1795""}",[https://ids.si.edu/ids/deliveryService?id=SAAM-1956.1.4_1],"https://ids.si.edu/ids/iiif/SAAM-1956.1.4_1/full/250,/0/default.jpg"
Mrs. Fenno Knight (née du Clois),"{""Artist"": ""Unidentified (French)"", ""Sitter"": ""Mrs. Fenno Knight""}","{""Type"": ""Painting-Miniature""}",,"{""Date"": ""1799""}",[https://ids.si.edu/ids/deliveryService?id=SAAM-1931.5.1_1],"https://ids.si.edu/ids/iiif/SAAM-1931.5.1_1/full/250,/0/default.jpg"
Mrs. George Willig,"{""Artist"": ""Philippe Abraham Peticolas, born Meziers, France 1760-died Petersburg, VA 1841"", ""Sitter"": ""Mrs. George Willig""}","{""Type"": ""Painting-Miniature""}",,"{""Date"": ""1804""}",[https://ids.si.edu/ids/deliveryService?id=SAAM-1959.9.2_1],"https://ids.si.edu/ids/iiif/SAAM-1959.9.2_1/full/250,/0/default.jpg"
Mrs. James Smith and Grandson,"{""Artist"": ""Charles Willson Peale, born Queen Anne's County, MD 1741-died Philadelphia, PA 1827"", ""Sitter"": ""Mrs. James Smith\nMrs. James Smith\nCampbell Smith""}","{""Type"": ""Painting""}",,"{""Date"": ""1776""}",[https://ids.si.edu/ids/deliveryService?id=SAAM-1980.93_1],"https://ids.si.edu/ids/iiif/SAAM-1980.93_1/full/250,/0/default.jpg"
Mrs. John Corlis (Susannah Condé Russell),"{""Artist"": ""Edward Greene Malbone, born Newport, RI 1777-died Savannah, GA 1807"", ""Sitter"": ""Mrs. John Corlis""}","{""Type"": ""Painting-Miniature""}",,"{""Date"": ""1795""}",[https://ids.si.edu/ids/deliveryService?id=SAAM-1980.29.2_1],"https://ids.si.edu/ids/iiif/SAAM-1980.29.2_1/full/250,/0/default.jpg"
Mrs. John McCluney,"{""Artist"": ""James Peale, born Chestertown, MD 1749-died Philadelphia, PA 1831"", ""Sitter"": ""Mrs. John Mc Cluney""}","{""Type"": ""Painting-Miniature""}",,"{""Date"": ""ca. 1795""}",[https://ids.si.edu/ids/deliveryService?id=SAAM-1950.12.3_1],"https://ids.si.edu/ids/iiif/SAAM-1950.12.3_1/full/250,/0/default.jpg"
Mrs. Joseph Manigault (Charlotte Drayton),"{""Artist"": ""Edward Greene Malbone, born Newport, RI 1777-died Savannah, GA 1807"", ""Sitter"": ""Mrs. Joseph Manigault\nCharlotte Drayton""}","{""Type"": ""Painting-Miniature""}",,"{""Date"": ""ca. 1801""}",[https://ids.si.edu/ids/deliveryService?id=SAAM-1970.296_1],"https://ids.si.edu/ids/iiif/SAAM-1970.296_1/full/250,/0/default.jpg"
Mrs. Joseph Wright,"{""Artist"": ""Ralph Earl, born Worcester County, MA 1751-died Bolton, CT 1801"", ""Sitter"": ""Mrs. Joseph Wright\nHannah Wright""}","{""Type"": ""Painting""}",,"{""Date"": ""1792""}",[https://ids.si.edu/ids/deliveryService?id=SAAM-1975.49.2_1],"https://ids.si.edu/ids/iiif/SAAM-1975.49.2_1/full/250,/0/default.jpg"
Mrs. Philip John Schuyler (Catherine van Rensselaer),"{""Artist"": ""Walter Robertson, Irish, born Dublin, Ireland ca. 1750-died Fatehpur, India 1801/02"", ""Sitter"": ""Mrs. Philip van Rensselaer Schuyler\nMrs. Philip van Rensselaer Schuyler""}","{""Type"": ""Painting-Miniature""}",,"{""Date"": ""ca. 1795""}",[https://ids.si.edu/ids/deliveryService?id=SAAM-1999.27.43_1],"https://ids.si.edu/ids/iiif/SAAM-1999.27.43_1/full/250,/0/default.jpg"
Mrs. Richard Alsop,"{""Artist"": ""Ralph Earl, born Worcester County, MA 1751-died Bolton, CT 1801"", ""Sitter"": ""Mary Alsop\nMrs. Richard Alsop""}","{""Type"": ""Painting""}",,"{""Date"": ""1792""}",[https://ids.si.edu/ids/deliveryService?id=SAAM-1975.49.1_1],"https://ids.si.edu/ids/iiif/SAAM-1975.49.1_1/full/250,/0/default.jpg"
Mrs. Richard Yates,"{""Artist"": ""Unidentified"", ""Sitter"": ""Mrs. Richard Yates\nCatherine Brass""}","{""Type"": ""Painting-Miniature""}",,"{""Date"": ""ca. 1790""}",[https://ids.si.edu/ids/deliveryService?id=SAAM-1956.1.2_1],"https://ids.si.edu/ids/iiif/SAAM-1956.1.2_1/full/250,/0/default.jpg"
Mrs. Thomas Wilson,"{""Artist"": ""Charles Robertson, Irish, born Dublin, Ireland 1759-died Dublin, Ireland 1821"", ""Sitter"": ""Mrs. Thomas Wilson""}","{""Type"": ""Painting-Miniature""}",,"{""Date"": ""ca. 1800""}",[https://ids.si.edu/ids/deliveryService?id=SAAM-1944.7.5_1],"https://ids.si.edu/ids/iiif/SAAM-1944.7.5_1/full/250,/0/default.jpg"
Mrs. William Boswell Lamb (Margaret Stuart Kerr),"{""Artist"": ""Unidentified"", ""Sitter"": ""Margaret Lamb\nMrs. R. William Lamb""}","{""Type"": ""Painting-Miniature""}",,"{""Date"": ""ca. 1795""}",[https://ids.si.edu/ids/deliveryService?id=SAAM-1980.126.5_1],"https://ids.si.edu/ids/iiif/SAAM-1980.126.5_1/full/250,/0/default.jpg"
Nuestra Señora de Belén,"{""Artist"": ""Jos\u00e9 Campeche y Jord\u00e1n, born San Juan, Puerto Rico 1751-died San Juan, Puerto Rico 1809""}","{""Type"": ""Painting""}",,"{""Date"": ""late 18th century""}",[https://ids.si.edu/ids/deliveryService?id=SAAM-1996.91.7_1],"https://ids.si.edu/ids/iiif/SAAM-1996.91.7_1/full/250,/0/default.jpg"
Nur Jahan,"{""Artist"": ""Unidentified"", ""Sitter"": ""Nur Jahan""}","{""Type"": ""Painting""}",,"{""Date"": ""ca. 1770""}",[https://ids.si.edu/ids/deliveryService?id=SAAM-1929.8.352_1],"https://ids.si.edu/ids/iiif/SAAM-1929.8.352_1/full/250,/0/default.jpg"
Our Lady of Guadalupe,"{""Artist"": ""Pedro Antonio Fresqu\u00eds, born 1749-died 1831""}","{""Type"": ""Painting\nFolk Art""}",,"{""Date"": ""ca. 1780-1830""}",[https://ids.si.edu/ids/deliveryService?id=SAAM-1986.65.113_1],"https://ids.si.edu/ids/iiif/SAAM-1986.65.113_1/full/250,/0/default.jpg"
Patience Lovell Wright,"{""Attribution"": ""Robert Edge Pine, c. 1730 - 1788"", ""Former attribution"": ""John Hoppner, 1758 - 1810"", ""Sitter"": ""Patience Lovell Wright, 1725 - 23 Mar 1786""}","{""Type"": ""Painting""}",,"{""Date"": ""c. 1782""}",[https://ids.si.edu/ids/deliveryService?id=NPG-8600336A_1],"https://ids.si.edu/ids/iiif/NPG-8600336A_1/full/250,/0/default.jpg"
Peter Boylston Adams?,"{""Artist"": ""John Singleton Copley, born Boston, MA 1738-died 1815 London, England"", ""Sitter"": ""Peter Boylston Adams""}","{""Type"": ""Painting-Miniature""}",,"{""Date"": ""ca. 1765-1770""}",[https://ids.si.edu/ids/deliveryService?id=SAAM-1999.27.7_1],"https://ids.si.edu/ids/iiif/SAAM-1999.27.7_1/full/250,/0/default.jpg"
Portrait of Adelia Ellender,"{""Artist"": ""Joshua Johnson, born Baltimore County, MD ca.1763-died Ann Arundel County, MD ca. 1825"", ""Sitter"": ""Adelia Ellender""}","{""Type"": ""Painting\nFolk Art""}",,"{""Date"": ""ca. 1803-1805""}",[https://ids.si.edu/ids/deliveryService?id=SAAM-1983.95.55_1],"https://ids.si.edu/ids/iiif/SAAM-1983.95.55_1/full/250,/0/default.jpg"
Portrait of Edward Shippen Burd of Philadelphia,"{""Artist"": ""Rembrandt Peale, born PA 1778-died Philadelphia, PA 1860"", ""Sitter"": ""Edward Shippen Burd""}","{""Type"": ""Painting""}",,"{""Date"": ""ca. 1806-1808""}",[https://ids.si.edu/ids/deliveryService?id=SAAM-1971.3_1],"https://ids.si.edu/ids/iiif/SAAM-1971.3_1/full/250,/0/default.jpg"
Portrait of General Giles,"{""Artist"": ""Joseph Wright, born Bordentown, NJ 1756-died Philadelphia, PA 1793"", ""Sitter"": ""General Giles""}","{""Type"": ""Painting""}",,"{""Date"": ""ca. 1785""}",[https://ids.si.edu/ids/deliveryService?id=SAAM-1975.75_1],"https://ids.si.edu/ids/iiif/SAAM-1975.75_1/full/250,/0/default.jpg"
Portrait of Martha Washington by John Trumbull,"{""depicted"": ""Washington, Martha"", ""maker"": ""Trumbull, John""}","{""Object Name"": ""painting, portrait"", ""Object Type"": ""paintings""}",,"{""Date made"": ""circa 1793""}","[https://ids.si.edu/ids/deliveryService?id=NMAH-89-6826, https://ids.si.edu/ids/deliveryService?id=NMAH-89-6828, https://ids.si.edu/ids/deliveryService?id=SIA-89-6826]","https://ids.si.edu/ids/iiif/NMAH-89-6826/full/250,/0/default.jpg"
Portrait of Mrs. Barbara Baker Murphy (Wife of Sea Captain),"{""Artist"": ""Joshua Johnson, born Baltimore County, MD ca.1763-died Ann Arundel County, MD ca. 1825"", ""Sitter"": ""Barbara Baker Murphy""}","{""Type"": ""Painting\nFolk Art""}",,"{""Date"": ""ca. 1810""}",[https://ids.si.edu/ids/deliveryService?id=SAAM-1983.95.56_1],"https://ids.si.edu/ids/iiif/SAAM-1983.95.56_1/full/250,/0/default.jpg"
Portrait of Mrs. Robert Kermit,"{""Attributed to"": ""James Earl, born Paxton, MA 1761-died Charleston, SC 1796"", ""Sitter"": ""Mrs. Robert Kermit""}","{""Type"": ""Painting""}",,"{""Date"": ""ca. 1790""}",[https://ids.si.edu/ids/deliveryService?id=SAAM-1970.76_1],"https://ids.si.edu/ids/iiif/SAAM-1970.76_1/full/250,/0/default.jpg"
Portrait of Sea Captain John Murphy,"{""Artist"": ""Joshua Johnson, born Baltimore County, MD ca.1763-died Ann Arundel County, MD ca. 1825"", ""Sitter"": ""John Murphy""}","{""Type"": ""Painting\nFolk Art""}",,"{""Date"": ""ca. 1810""}",[https://ids.si.edu/ids/deliveryService?id=SAAM-1983.95.57_1],"https://ids.si.edu/ids/iiif/SAAM-1983.95.57_1/full/250,/0/default.jpg"
Portrait of a Baby Boy,"{""Artist"": ""Unidentified"", ""Sitter"": ""unidentified\nunidentified""}","{""Type"": ""Painting-Miniature""}",,"{""Date"": ""ca. 1805""}",[https://ids.si.edu/ids/deliveryService?id=SAAM-1999.27.59.2_1],"https://ids.si.edu/ids/iiif/SAAM-1999.27.59.2_1/full/250,/0/default.jpg"
Portrait of a Boy,"{""Artist"": ""Unidentified (Italian)"", ""Sitter"": ""unidentified""}","{""Type"": ""Painting""}",,"{""Date"": ""ca. 1800""}",[https://ids.si.edu/ids/deliveryService?id=SAAM-1956.11.41_1],"https://ids.si.edu/ids/iiif/SAAM-1956.11.41_1/full/250,/0/default.jpg"
Portrait of a Child,"{""Artist"": ""Raphaelle Peale, born Annapolis, MD 1774-died Philadelphia, PA 1825"", ""Sitter"": ""unidentified\nunidentified""}","{""Type"": ""Painting-Miniature""}",,"{""Date"": ""ca. 1800""}",[https://ids.si.edu/ids/deliveryService?id=SAAM-1963.9.5_1],"https://ids.si.edu/ids/iiif/SAAM-1963.9.5_1/full/250,/0/default.jpg"
Portrait of a Connecticut Clockmaker,"{""Attributed to"": ""Ralph Earl, born Worcester County, MA 1751-died Bolton, CT 1801"", ""Sitter"": ""unidentified""}","{""Type"": ""Painting""}",,"{""Date"": ""ca. 1800""}",[https://ids.si.edu/ids/deliveryService?id=SAAM-1967.136.2_1],"https://ids.si.edu/ids/iiif/SAAM-1967.136.2_1/full/250,/0/default.jpg"
Portrait of a Connecticut Clockmaker's Wife,"{""Attributed to"": ""Ralph Earl, born Worcester County, MA 1751-died Bolton, CT 1801"", ""Sitter"": ""unidentified""}","{""Type"": ""Painting""}",,"{""Date"": ""ca. 1800""}",[https://ids.si.edu/ids/deliveryService?id=SAAM-1967.136.3_1],"https://ids.si.edu/ids/iiif/SAAM-1967.136.3_1/full/250,/0/default.jpg"
Portrait of a Gentleman,"{""Artist"": ""Unidentified (British)"", ""Sitter"": ""unidentified""}","{""Type"": ""Painting""}",,"{""Date"": ""ca. 1800""}",[https://ids.si.edu/ids/deliveryService?id=SAAM-1956.11.42_1],"https://ids.si.edu/ids/iiif/SAAM-1956.11.42_1/full/250,/0/default.jpg"
Portrait of a Gentleman,"{""Artist"": ""Unidentified"", ""Sitter"": ""unidentified""}","{""Type"": ""Painting-Miniature""}",,"{""Date"": ""ca. 1780-1790""}",[https://ids.si.edu/ids/deliveryService?id=SAAM-1999.27.34_1],"https://ids.si.edu/ids/iiif/SAAM-1999.27.34_1/full/250,/0/default.jpg"
Portrait of a Gentleman,"{""Artist"": ""Unidentified"", ""Sitter"": ""unidentified""}","{""Type"": ""Painting-Miniature""}",,"{""Date"": ""ca. 1805""}",[https://ids.si.edu/ids/deliveryService?id=SAAM-1979.152_1],"https://ids.si.edu/ids/iiif/SAAM-1979.152_1/full/250,/0/default.jpg"
Portrait of a Gentleman,"{""Artist"": ""Raphaelle Peale, born Annapolis, MD 1774-died Philadelphia, PA 1825"", ""Sitter"": ""unidentified""}","{""Type"": ""Painting-Miniature""}",,"{""Date"": ""ca. 1805""}",[https://ids.si.edu/ids/deliveryService?id=SAAM-1950.4.6_1],"https://ids.si.edu/ids/iiif/SAAM-1950.4.6_1/full/250,/0/default.jpg"
Portrait of a Gentleman,"{""Artist"": ""James Peale, born Chestertown, MD 1749-died Philadelphia, PA 1831"", ""Sitter"": ""unidentified""}","{""Type"": ""Painting-Miniature""}",,"{""Date"": ""1800""}",[https://ids.si.edu/ids/deliveryService?id=SAAM-1999.27.37_1],"https://ids.si.edu/ids/iiif/SAAM-1999.27.37_1/full/250,/0/default.jpg"
Portrait of a Gentleman,"{""Artist"": ""Henry Benbridge, born Philadelphia, PA 1743-died Philadelphia, PA 1812"", ""Sitter"": ""unidentified""}","{""Type"": ""Painting-Miniature""}",,"{""Date"": ""ca. 1795""}",[https://ids.si.edu/ids/deliveryService?id=SAAM-1999.27.45_1],"https://ids.si.edu/ids/iiif/SAAM-1999.27.45_1/full/250,/0/default.jpg"
Portrait of a Gentleman,"{""Artist"": ""Unidentified"", ""Sitter"": ""unidentified""}","{""Type"": ""Painting-Miniature""}",,"{""Date"": ""ca. 1790""}",[https://ids.si.edu/ids/deliveryService?id=SAAM-1975.5_1],"https://ids.si.edu/ids/iiif/SAAM-1975.5_1/full/250,/0/default.jpg"
Portrait of a Gentleman,"{""Artist"": ""Walter Robertson, Irish, born Dublin, Ireland ca. 1750-died Fatehpur, India 1801/02"", ""Sitter"": ""unidentified""}","{""Type"": ""Painting-Miniature""}",,"{""Date"": ""ca. 1796""}",[https://ids.si.edu/ids/deliveryService?id=SAAM-1936.6.1_1],"https://ids.si.edu/ids/iiif/SAAM-1936.6.1_1/full/250,/0/default.jpg"
Portrait of a Gentleman,"{""Artist"": ""Unidentified (Puerto Rican)"", ""Sitter"": ""unidentified""}","{""Type"": ""Painting-Miniature""}",,"{""Date"": ""ca. 1810""}",[https://ids.si.edu/ids/deliveryService?id=SAAM-1996.91.27_1],"https://ids.si.edu/ids/iiif/SAAM-1996.91.27_1/full/250,/0/default.jpg"
Portrait of a Gentleman,"{""Artist"": ""Unidentified"", ""Sitter"": ""unidentified""}","{""Type"": ""Painting-Miniature""}",,"{""Date"": ""ca. 1800""}",[https://ids.si.edu/ids/deliveryService?id=SAAM-1999.27.78_1],"https://ids.si.edu/ids/iiif/SAAM-1999.27.78_1/full/250,/0/default.jpg"
Portrait of a Gentleman,"{""Artist"": ""P. E. Stro\u00ebhling, Russian, born Dusseldorf, Germany 1768-died London, England ca. 1826"", ""Sitter"": ""unidentified""}","{""Type"": ""Painting-Miniature""}",,"{""Date"": ""ca. 1800""}",[https://ids.si.edu/ids/deliveryService?id=SAAM-1946.9.3_1],"https://ids.si.edu/ids/iiif/SAAM-1946.9.3_1/full/250,/0/default.jpg"
Portrait of a Gentleman,"{""Artist"": ""John Trumbull, born Lebanon, CT 1756-died New York City 1843"", ""Sitter"": ""unidentified""}","{""Type"": ""Painting-Miniature""}",,"{""Date"": ""ca. 1790""}",[https://ids.si.edu/ids/deliveryService?id=SAAM-1984.64_1],"https://ids.si.edu/ids/iiif/SAAM-1984.64_1/full/250,/0/default.jpg"
Portrait of a Gentleman,"{""Artist"": ""Unidentified"", ""Sitter"": ""unidentified""}","{""Type"": ""Painting-Miniature""}",,"{""Date"": ""ca. 1805""}",[https://ids.si.edu/ids/deliveryService?id=SAAM-1999.27.59.1_1],"https://ids.si.edu/ids/iiif/SAAM-1999.27.59.1_1/full/250,/0/default.jpg"
Portrait of a Gentleman,"{""Artist"": ""Alexander Robertson, born Aberdeen, Scotland-died New York City 1841"", ""Sitter"": ""unidentified""}","{""Type"": ""Painting-Miniature""}",,"{""Date"": ""ca. 1795""}",[https://ids.si.edu/ids/deliveryService?id=SAAM-1942.10.3_1],"https://ids.si.edu/ids/iiif/SAAM-1942.10.3_1/full/250,/0/default.jpg"
Portrait of a Gentleman,"{""Artist"": ""James Peale, born Chestertown, MD 1749-died Philadelphia, PA 1831"", ""Sitter"": ""unidentified""}","{""Type"": ""Painting-Miniature""}",,"{""Date"": ""1789""}",[https://ids.si.edu/ids/deliveryService?id=SAAM-1999.27.36_1],"https://ids.si.edu/ids/iiif/SAAM-1999.27.36_1/full/250,/0/default.jpg"
Portrait of a Gentleman,"{""Artist"": ""James Peale, born Chestertown, MD 1749-died Philadelphia, PA 1831"", ""Sitter"": ""unidentified""}","{""Type"": ""Painting-Miniature""}",,"{""Date"": ""1793""}",[https://ids.si.edu/ids/deliveryService?id=SAAM-2012.21_1],"https://ids.si.edu/ids/iiif/SAAM-2012.21_1/full/250,/0/default.jpg"
Portrait of a Gentleman,"{""Artist"": ""Unidentified"", ""Sitter"": ""unidentified""}","{""Type"": ""Painting-Miniature""}",,"{""Date"": ""ca. 1795""}",[https://ids.si.edu/ids/deliveryService?id=SAAM-1959.7.22_1],"https://ids.si.edu/ids/iiif/SAAM-1959.7.22_1/full/250,/0/default.jpg"
Portrait of a Gentleman with Initials A.S.N.,"{""Artist"": ""Jean Francois De Vallee, active 1794-1828"", ""Sitter"": ""unidentified""}","{""Type"": ""Painting-Miniature""}",,"{""Date"": ""ca. 1805""}",[https://ids.si.edu/ids/deliveryService?id=SAAM-1941.5.1_1],"https://ids.si.edu/ids/iiif/SAAM-1941.5.1_1/full/250,/0/default.jpg"
Portrait of a Gentleman with Initials C. B.,"{""Artist"": ""Unidentified"", ""Sitter"": ""unidentified""}","{""Type"": ""Painting-Miniature""}",,"{""Date"": ""ca. 1795""}",[https://ids.si.edu/ids/deliveryService?id=SAAM-1980.95.2_1],"https://ids.si.edu/ids/iiif/SAAM-1980.95.2_1/full/250,/0/default.jpg"
Portrait of a Gentleman with Initials G. D.,"{""Artist"": ""Raphaelle Peale, born Annapolis, MD 1774-died Philadelphia, PA 1825"", ""Sitter"": ""G. D.""}","{""Type"": ""Painting-Miniature""}",,"{""Date"": ""ca. 1805""}",[https://ids.si.edu/ids/deliveryService?id=SAAM-1942.7.2_1],"https://ids.si.edu/ids/iiif/SAAM-1942.7.2_1/full/250,/0/default.jpg"
Portrait of a Gentleman with Initials H. D. C.,"{""Artist"": ""Unidentified"", ""Sitter"": ""unidentified""}","{""Type"": ""Painting-Miniature""}",,"{""Date"": ""ca. 1795""}",[https://ids.si.edu/ids/deliveryService?id=SAAM-1980.95.1_1],"https://ids.si.edu/ids/iiif/SAAM-1980.95.1_1/full/250,/0/default.jpg"
Portrait of a Gentleman with Initials J. B.,"{""Artist"": ""Benjamin Trott, born Boston, MA ca. 1770-died Washington, DC 1843"", ""Sitter"": ""unidentified""}","{""Type"": ""Painting-Miniature""}",,"{""Date"": ""ca. 1795""}",[https://ids.si.edu/ids/deliveryService?id=SAAM-1954.6.4_1],"https://ids.si.edu/ids/iiif/SAAM-1954.6.4_1/full/250,/0/default.jpg"
Portrait of a Lady,"{""Artist"": ""Unidentified"", ""Sitter"": ""unidentified""}","{""Type"": ""Painting-Miniature""}",,"{""Date"": ""late 18th century""}",[https://ids.si.edu/ids/deliveryService?id=SAAM-1999.27.63_1],"https://ids.si.edu/ids/iiif/SAAM-1999.27.63_1/full/250,/0/default.jpg"
Portrait of a Lady,"{""Attributed to"": ""P. E. Stro\u00ebhling, Russian, born Dusseldorf, Germany 1768-died London, England ca. 1826"", ""Sitter"": ""unidentified\nunidentified""}","{""Type"": ""Painting-Miniature""}",,"{""Date"": ""ca. 1800""}",[https://ids.si.edu/ids/deliveryService?id=SAAM-1959.7.21_1],"https://ids.si.edu/ids/iiif/SAAM-1959.7.21_1/full/250,/0/default.jpg"
Portrait of a Lady,"{""Artist"": ""Unidentified"", ""Sitter"": ""unidentified\nunidentified\nunidentified""}","{""Type"": ""Painting-Miniature""}",,"{""Date"": ""1800""}",[https://ids.si.edu/ids/deliveryService?id=SAAM-1966.4.2_1],"https://ids.si.edu/ids/iiif/SAAM-1966.4.2_1/full/250,/0/default.jpg"
Portrait of a Lady,"{""Artist"": ""Unidentified (French)"", ""Sitter"": ""unidentified""}","{""Type"": ""Painting-Miniature""}",,"{""Date"": ""ca. 1775""}",[https://ids.si.edu/ids/deliveryService?id=SAAM-1954.6.5_1],"https://ids.si.edu/ids/iiif/SAAM-1954.6.5_1/full/250,/0/default.jpg"
Portrait of a Lady,"{""Artist"": ""Unidentified"", ""Sitter"": ""unidentified""}","{""Type"": ""Painting-Miniature""}",,"{""Date"": ""ca. 1780""}",[https://ids.si.edu/ids/deliveryService?id=SAAM-1979.153.2_1],"https://ids.si.edu/ids/iiif/SAAM-1979.153.2_1/full/250,/0/default.jpg"
Portrait of a Lady,"{""Artist"": ""William M. S. Doyle, born Boston, MA 1769-died Boston, MA 1828"", ""Sitter"": ""unidentified""}","{""Type"": ""Painting-Miniature""}",,"{""Date"": ""1810""}",[https://ids.si.edu/ids/deliveryService?id=SAAM-1954.6.3_1],"https://ids.si.edu/ids/iiif/SAAM-1954.6.3_1/full/250,/0/default.jpg"
Portrait of a Lady from S. Carolina Huguenot Family,"{""Artist"": ""Lawrence Sully, born Kilkenny, Ireland 1769-died Richmond, VA 1804"", ""Sitter"": ""unidentified""}","{""Type"": ""Painting-Miniature""}",,"{""Date"": ""ca. 1795""}",[https://ids.si.edu/ids/deliveryService?id=SAAM-1950.4.5_1],"https://ids.si.edu/ids/iiif/SAAM-1950.4.5_1/full/250,/0/default.jpg"
Portrait of a Man,"{""Artist"": ""Jacob Eichholtz, born Lancaster, PA 1776-died Lancaster, PA 1842"", ""Sitter"": ""unidentified""}","{""Type"": ""Painting""}",,"{""Date"": ""ca. 1809""}",[https://ids.si.edu/ids/deliveryService?id=SAAM-1964.6.2_2],"https://ids.si.edu/ids/iiif/SAAM-1964.6.2_2/full/250,/0/default.jpg"
Portrait of a Man,"{""Artist"": ""Unidentified"", ""Sitter"": ""unidentified""}","{""Type"": ""Painting\nFolk Art""}",,"{""Date"": ""early 19th century""}",[https://ids.si.edu/ids/deliveryService?id=SAAM-1986.65.153_1],"https://ids.si.edu/ids/iiif/SAAM-1986.65.153_1/full/250,/0/default.jpg"
Portrait of a Man,"{""Artist"": ""Unidentified (European)"", ""Sitter"": ""unidentified""}","{""Type"": ""Painting""}",,"{""Date"": ""ca. 1790""}",[https://ids.si.edu/ids/deliveryService?id=SAAM-1979.5.10_1],"https://ids.si.edu/ids/iiif/SAAM-1979.5.10_1/full/250,/0/default.jpg"
Portrait of a Man,"{""Attributed to"": ""Jacob Maentel, born Kassel, Germany 1763-died New Harmony, IN 1863"", ""Sitter"": ""unidentified""}","{""Type"": ""Painting\nFolk Art""}",,"{""Date"": ""early 19th century""}",[https://ids.si.edu/ids/deliveryService?id=SAAM-1986.65.179_1],"https://ids.si.edu/ids/iiif/SAAM-1986.65.179_1/full/250,/0/default.jpg"
Portrait of a Woman,"{""Artist"": ""Jacob Eichholtz, born Lancaster, PA 1776-died Lancaster, PA 1842"", ""Sitter"": ""unidentified""}","{""Type"": ""Painting""}",,"{""Date"": ""ca. 1809""}",[https://ids.si.edu/ids/deliveryService?id=SAAM-1964.6.1_2],"https://ids.si.edu/ids/iiif/SAAM-1964.6.1_2/full/250,/0/default.jpg"
Portrait of a Young Lady,"{""Artist"": ""William Verstille, born Boston, MA ca. 1755-died Boston, MA 1803"", ""Sitter"": ""unidentified""}","{""Type"": ""Painting-Miniature""}",,"{""Date"": ""ca. 1790""}",[https://ids.si.edu/ids/deliveryService?id=SAAM-1942.11.5_1],"https://ids.si.edu/ids/iiif/SAAM-1942.11.5_1/full/250,/0/default.jpg"
Portrait of the Artist and His Wife,"{""Artist"": ""William Leslie, English, born England before 1769-died London, England 1812"", ""Sitter"": ""Mrs. William Leslie\nWilliam Leslie""}","{""Type"": ""Painting-Miniature""}",,"{""Date"": ""ca. 1800-1812""}",[https://ids.si.edu/ids/deliveryService?id=SAAM-1999.27.24_1],"https://ids.si.edu/ids/iiif/SAAM-1999.27.24_1/full/250,/0/default.jpg"
Retrato de caballero,"{""Artist"": ""Jos\u00e9 Campeche y Jord\u00e1n, born San Juan, Puerto Rico 1751-died San Juan, Puerto Rico 1809"", ""Sitter"": ""unidentified""}","{""Type"": ""Painting""}",,"{""Date"": ""ca. 1805-1809""}",[https://ids.si.edu/ids/deliveryService?id=SAAM-1996.91.3_1],"https://ids.si.edu/ids/iiif/SAAM-1996.91.3_1/full/250,/0/default.jpg"
Reverend John Carroll,"{""Artist"": ""Unidentified Artist"", ""Sitter"": ""Rev. John Carroll, 8 Jan 1735 - 3 Dec 1815""}","{""Type"": ""Painting""}",,"{""Date"": ""c. 1809""}",[https://ids.si.edu/ids/deliveryService?id=NPG-8900562A_1],"https://ids.si.edu/ids/iiif/NPG-8900562A_1/full/250,/0/default.jpg"
Reverend Justus Henry Christian Helmuth,"{""Artist"": ""John Eckstein, 1736 - 1817"", ""Sitter"": ""Rev. Justus Henry Christian Helmuth, 16 May 1745 - 5 Feb 1825""}","{""Type"": ""Painting""}",,"{""Date"": ""c. 1795""}",[https://ids.si.edu/ids/deliveryService?id=NPG-NPG_67_7Helmuth-000003],"https://ids.si.edu/ids/iiif/NPG-NPG_67_7Helmuth-000003/full/250,/0/default.jpg"
Richard Bache,"{""Artist"": ""John Hoppner, 1758 - 1810"", ""Sitter"": ""Richard Bache, 1737 - 1811""}","{""Type"": ""Painting""}","{""Place"": ""United Kingdom\\England\\Greater London\\London""}","{""Date"": ""1792-93""}",[https://ids.si.edu/ids/deliveryService?id=NPG-NPG_2011_145Bache-000001],"https://ids.si.edu/ids/iiif/NPG-NPG_2011_145Bache-000001/full/250,/0/default.jpg"
Richard Henry Lee,"{""Artist"": ""Charles Willson Peale, 15 Apr 1741 - 22 Feb 1827"", ""Sitter"": ""Richard Henry Lee, 20 Jan 1732 - 19 Jun 1794""}","{""Type"": ""Painting""}",,"{""Date"": ""c. 1795-1805""}",[https://ids.si.edu/ids/deliveryService?id=NPG-NPG_74_5],"https://ids.si.edu/ids/iiif/NPG-NPG_74_5/full/250,/0/default.jpg"
Robert Broome,"{""Artist"": ""Anson Dickinson, born Milton, CT 1779-died Litchfied, CT 1852"", ""Sitter"": ""Robert Broome""}","{""Type"": ""Painting-Miniature""}",,"{""Date"": ""ca. 1810""}",[https://ids.si.edu/ids/deliveryService?id=SAAM-1948.2.1_1],"https://ids.si.edu/ids/iiif/SAAM-1948.2.1_1/full/250,/0/default.jpg"
Robert Hooper,"{""Artist"": ""John Singleton Copley, born Boston, MA 1738-died 1815 London, England"", ""Sitter"": ""Jr. Robert Hooper""}","{""Type"": ""Painting""}",,"{""Date"": ""ca. 1770-1772""}",[https://ids.si.edu/ids/deliveryService?id=SAAM-2006.12.1_1],"https://ids.si.edu/ids/iiif/SAAM-2006.12.1_1/full/250,/0/default.jpg"
Robert Morris,"{""Artist"": ""Robert Edge Pine, c. 1730 - 1788"", ""Sitter"": ""Robert Morris, 31 Jan 1734 - 8 May 1806""}","{""Type"": ""Painting""}",,"{""Date"": ""c. 1785""}",[https://ids.si.edu/ids/deliveryService?id=NPG-NPG_73_20],"https://ids.si.edu/ids/iiif/NPG-NPG_73_20/full/250,/0/default.jpg"
Robert Oliphant,"{""Artist"": ""Raphaelle Peale, born Annapolis, MD 1774-died Philadelphia, PA 1825"", ""Sitter"": ""Robert Oliphant""}","{""Type"": ""Painting-Miniature""}",,"{""Date"": ""1799""}",[https://ids.si.edu/ids/deliveryService?id=SAAM-1942.2.2_1],"https://ids.si.edu/ids/iiif/SAAM-1942.2.2_1/full/250,/0/default.jpg"
Rouen Cathedral,"{""Artist"": ""David Roberts, Scottish, born Stockbridge, Scotland 1796-died London, England 1864""}","{""Type"": ""Painting""}",,"{""Date"": ""ca. 1796-1826""}",[https://ids.si.edu/ids/deliveryService?id=SAAM-1956.11.49_1],"https://ids.si.edu/ids/iiif/SAAM-1956.11.49_1/full/250,/0/default.jpg"
Rubens Peale,"{""Artist"": ""Rembrandt Peale, 22 Feb 1778 - 3 Oct 1860"", ""Sitter"": ""Rubens Peale, 1784 - 1865""}","{""Type"": ""Painting""}",,"{""Date"": ""1807""}",[https://ids.si.edu/ids/deliveryService?id=NPG-8600424A_2],"https://ids.si.edu/ids/iiif/NPG-8600424A_2/full/250,/0/default.jpg"
Rubens Peale,"{""Artist"": ""Raphaelle Peale, born Annapolis, MD 1774-died Philadelphia, PA 1825"", ""Sitter"": ""Rubens Peale""}","{""Type"": ""Painting-Miniature""}",,"{""Date"": ""ca. 1800""}",[https://ids.si.edu/ids/deliveryService?id=SAAM-1941.9.1_1],"https://ids.si.edu/ids/iiif/SAAM-1941.9.1_1/full/250,/0/default.jpg"
Saint Anthony of Padua,"{""Artist"": ""Eighteenth-Century Novice, active late 18th century""}","{""Type"": ""Painting\nFolk Art""}",,"{""Date"": ""late 18th century""}",[https://ids.si.edu/ids/deliveryService?id=SAAM-1986.65.96_1],"https://ids.si.edu/ids/iiif/SAAM-1986.65.96_1/full/250,/0/default.jpg"
Samuel Blodget,"{""Artist"": ""John Trumbull, 6 Jun 1756 - 10 Nov 1843"", ""Sitter"": ""Samuel Blodget, Jr., 28 Aug 1757 - 11 Apr 1814""}","{""Type"": ""Painting""}",,"{""Date"": ""c. 1784""}",[https://ids.si.edu/ids/deliveryService?id=NPG-NPG_2013_29Blodget-000001],"https://ids.si.edu/ids/iiif/NPG-NPG_2013_29Blodget-000001/full/250,/0/default.jpg"
Samuel Chase,"{""Artist"": ""John Wesley Jarvis, 1780 - 14 Jan 1840"", ""Sitter"": ""Samuel Chase, 17 Apr 1741 - 19 Jun 1811""}","{""Type"": ""Painting""}",,"{""Date"": ""1811""}",[https://ids.si.edu/ids/deliveryService?id=NPG-NPG_67_2Chase-000001],"https://ids.si.edu/ids/iiif/NPG-NPG_67_2Chase-000001/full/250,/0/default.jpg"
Samuel F. B. Morse Self-Portrait,"{""Artist"": ""Samuel Finley Breese Morse, 27 Apr 1791 - 2 Apr 1872"", ""Sitter"": ""Samuel Finley Breese Morse, 27 Apr 1791 - 2 Apr 1872""}","{""Type"": ""Painting""}",,"{""Date"": ""1812""}",[https://ids.si.edu/ids/deliveryService?id=NPG-NPG_80_208Morse_d1],"https://ids.si.edu/ids/iiif/NPG-NPG_80_208Morse_d1/full/250,/0/default.jpg"
Samuel Griffin,"{""Artist"": ""Cosmo John Alexander, 1724 - 1772"", ""Possibly"": ""Samuel Griffin, 1746 - 1810"", ""Formerly identified as"": ""Cyrus Griffin, 1748 - 1810""}","{""Type"": ""Painting""}",,"{""Date"": ""1770""}",[https://ids.si.edu/ids/deliveryService?id=NPG-S_NPG_2000_4Griffin_d1],"https://ids.si.edu/ids/iiif/NPG-S_NPG_2000_4Griffin_d1/full/250,/0/default.jpg"
"Samuel Love, Jr.","{""Artist"": ""Robert Field, born Gloucestershire, England ca. 1769-died Kingston, Jamaica 1819"", ""Sitter"": ""Jr. Samuel Love""}","{""Type"": ""Painting-Miniature""}",,"{""Date"": ""1800""}",[https://ids.si.edu/ids/deliveryService?id=SAAM-1942.10.4_1],"https://ids.si.edu/ids/iiif/SAAM-1942.10.4_1/full/250,/0/default.jpg"
Samuel Miles,"{""Artist"": ""Gilbert Stuart, 3 Dec 1755 - 9 Jul 1828"", ""Sitter"": ""Samuel Miles, 11 Mar 1740 - 6 Dec 1805""}","{""Type"": ""Painting""}",,"{""Date"": ""c. 1800""}",[https://ids.si.edu/ids/deliveryService?id=NPG-NPG_2019_22-000002],"https://ids.si.edu/ids/iiif/NPG-NPG_2019_22-000002/full/250,/0/default.jpg"
Samuel Seabury,"{""Artist"": ""Ralph Earl, 11 May 1751 - 16 Aug 1801"", ""Sitter"": ""Samuel Seabury, 30 Nov 1729 - 25 Feb 1796""}","{""Type"": ""Painting""}",,"{""Date"": ""1785""}",[https://ids.si.edu/ids/deliveryService?id=NPG-NPG_84_171],"https://ids.si.edu/ids/iiif/NPG-NPG_84_171/full/250,/0/default.jpg"
Samuel Smith,"{""Artist"": ""Gilbert Stuart, 3 Dec 1755 - 9 Jul 1828"", ""Sitter"": ""Samuel Smith, 27 Jul 1752 - 22 Apr 1839""}","{""Type"": ""Painting""}",,"{""Date"": ""c. 1800""}",[https://ids.si.edu/ids/deliveryService?id=NPG-NPG_66_50Smith-000002],"https://ids.si.edu/ids/iiif/NPG-NPG_66_50Smith-000002/full/250,/0/default.jpg"
San José y el Cristo Niño,"{""Artist"": ""Jos\u00e9 Campeche y Jord\u00e1n, born San Juan, Puerto Rico 1751-died San Juan, Puerto Rico 1809""}","{""Type"": ""Painting""}",,"{""Date"": ""ca. 1794""}",[https://ids.si.edu/ids/deliveryService?id=SAAM-1996.91.4_1],"https://ids.si.edu/ids/iiif/SAAM-1996.91.4_1/full/250,/0/default.jpg"
San Juan Nepomuceno,"{""Artist"": ""Jos\u00e9 Campeche y Jord\u00e1n, born San Juan, Puerto Rico 1751-died San Juan, Puerto Rico 1809""}","{""Type"": ""Painting""}",,"{""Date"": ""ca. 1798""}",[https://ids.si.edu/ids/deliveryService?id=SAAM-1996.91.5_1],"https://ids.si.edu/ids/iiif/SAAM-1996.91.5_1/full/250,/0/default.jpg"
Sir Guy Carelton,"{""Artist"": ""Unidentified (British)"", ""Sitter"": ""Guy Carleton""}","{""Type"": ""Painting-Miniature""}",,"{""Date"": ""ca. 1770""}",[https://ids.si.edu/ids/deliveryService?id=SAAM-1950.4.20_1],"https://ids.si.edu/ids/iiif/SAAM-1950.4.20_1/full/250,/0/default.jpg"
Small Landscape,"{""Artist"": ""Unidentified (British)"", ""Copy after"": ""Thomas Gainsborough, English, born Sudbury, England 1727-died London, England 1788""}","{""Type"": ""Painting""}",,"{""Date"": ""ca. 1750-1800""}",[https://ids.si.edu/ids/deliveryService?id=SAAM-1956.11.20_1],"https://ids.si.edu/ids/iiif/SAAM-1956.11.20_1/full/250,/0/default.jpg"
Susan Poinsett,"{""Artist"": ""Edward Greene Malbone, born Newport, RI 1777-died Savannah, GA 1807"", ""Sitter"": ""Susan Poinsett""}","{""Type"": ""Painting-Miniature""}",,"{""Date"": ""ca. 1801-1802""}",[https://ids.si.edu/ids/deliveryService?id=SAAM-1999.27.27_1],"https://ids.si.edu/ids/iiif/SAAM-1999.27.27_1/full/250,/0/default.jpg"
Susanne Correy,"{""Artist"": ""James Peale, born Chestertown, MD 1749-died Philadelphia, PA 1831"", ""Sitter"": ""Susan Correy""}","{""Type"": ""Painting-Miniature""}",,"{""Date"": ""ca. 1790""}",[https://ids.si.edu/ids/deliveryService?id=SAAM-1979.153.1_1],"https://ids.si.edu/ids/iiif/SAAM-1979.153.1_1/full/250,/0/default.jpg"
T. Stanford,"{""Artist"": ""Ebenezer Mack, born 1765-died 1833"", ""Sitter"": ""T. Stanford""}","{""Type"": ""Painting-Miniature""}",,"{""Date"": ""ca. 1795""}",[https://ids.si.edu/ids/deliveryService?id=SAAM-1957.3.2_1],"https://ids.si.edu/ids/iiif/SAAM-1957.3.2_1/full/250,/0/default.jpg"
The Clergyman,"{""Artist"": ""Unidentified (British)""}","{""Type"": ""Painting""}",,"{""Date"": ""ca. 1770""}",[https://ids.si.edu/ids/deliveryService?id=SAAM-1979.5.7_1],"https://ids.si.edu/ids/iiif/SAAM-1979.5.7_1/full/250,/0/default.jpg"
The Davis Children (Eliza Cheever Davis and John Derby Davis),"{""Artist"": ""Edward Savage, born Princeton, MA 1761-died Princeton, MA 1817"", ""Sitter"": ""Eliza Cheever Davis\nJohn Derby Davis""}","{""Type"": ""Painting""}",,"{""Date"": ""1795""}",[https://ids.si.edu/ids/deliveryService?id=SAAM-2019.6.12_1],"https://ids.si.edu/ids/iiif/SAAM-2019.6.12_1/full/250,/0/default.jpg"
The Misses Mary and Hannah Murray,"{""Artist"": ""John Trumbull, born Lebanon, CT 1756-died New York City 1843"", ""Sitter"": ""Hannah Murray\nMary Murray""}","{""Type"": ""Painting""}",,"{""Date"": ""1806""}",[https://ids.si.edu/ids/deliveryService?id=SAAM-1988.2_1],"https://ids.si.edu/ids/iiif/SAAM-1988.2_1/full/250,/0/default.jpg"
The Wiley Family,"{""Artist"": ""William Williams, born Bristol, England 1727-died Bristol, England 1791"", ""Sitter"": ""John Wiley""}","{""Type"": ""Painting""}",,"{""Date"": ""1771""}",[https://ids.si.edu/ids/deliveryService?id=SAAM-2006.12.2_1],"https://ids.si.edu/ids/iiif/SAAM-2006.12.2_1/full/250,/0/default.jpg"
Theresa Diana Levesque,"{""Artist"": ""Ambrose Duval, born ca. 1778-died 1860"", ""Sitter"": ""Theresa Diana Levesque""}","{""Type"": ""Painting-Miniature""}",,"{""Date"": ""1810""}",[https://ids.si.edu/ids/deliveryService?id=SAAM-1975.59.2_1],"https://ids.si.edu/ids/iiif/SAAM-1975.59.2_1/full/250,/0/default.jpg"
Thomas Ash II,"{""Artist"": ""Thomas Sully, 19 Jun 1783 - 5 Nov 1872"", ""Sitter"": ""Thomas Ash II, 1785 - after 1824""}","{""Type"": ""Painting""}",,"{""Date"": ""1807""}",[https://ids.si.edu/ids/deliveryService?id=NPG-NPG_2008_4Ash_d1],"https://ids.si.edu/ids/iiif/NPG-NPG_2008_4Ash_d1/full/250,/0/default.jpg"
Thomas Jefferson,"{""Artist"": ""Mather Brown, 7 Oct 1761 - 25 May 1831"", ""Sitter"": ""Thomas Jefferson, 13 Apr 1743 - 4 Jul 1826""}","{""Type"": ""Painting""}","{""Place"": ""United Kingdom\\England\\Greater London\\London""}","{""Date"": ""1786""}",[https://ids.si.edu/ids/deliveryService?id=NPG-NPG_99_66Jefferson_d1],"https://ids.si.edu/ids/iiif/NPG-NPG_99_66Jefferson_d1/full/250,/0/default.jpg"
Thomas Lee Shippen,"{""Artist"": ""James Peale, born Chestertown, MD 1749-died Philadelphia, PA 1831"", ""Sitter"": ""Thomas Lee Shippen""}","{""Type"": ""Painting-Miniature""}",,"{""Date"": ""1795""}",[https://ids.si.edu/ids/deliveryService?id=SAAM-1999.87.4_1],"https://ids.si.edu/ids/iiif/SAAM-1999.87.4_1/full/250,/0/default.jpg"
Thomas McKean,"{""Attribution"": ""Charles Willson Peale, 15 Apr 1741 - 22 Feb 1827"", ""Sitter"": ""Thomas McKean, 19 Mar 1734 - 24 Jun 1817""}","{""Type"": ""Painting""}",,"{""Date"": ""after 1787""}",[https://ids.si.edu/ids/deliveryService?id=NPG-NPG_66_63McKean-000003],"https://ids.si.edu/ids/iiif/NPG-NPG_66_63McKean-000003/full/250,/0/default.jpg"
Thomas Paine,"{""Artist"": ""Laurent Dabos, 1761 - 1835"", ""Sitter"": ""Thomas Paine, 29 Jan 1737 - 8 Jun 1809""}","{""Type"": ""Painting""}",,"{""Date"": ""c. 1792""}",[https://ids.si.edu/ids/deliveryService?id=NPG-NPG_2008_5],"https://ids.si.edu/ids/iiif/NPG-NPG_2008_5/full/250,/0/default.jpg"
Thomas Pinckney,"{""Artist"": ""John Trumbull, 6 Jun 1756 - 10 Nov 1843"", ""Sitter"": ""Thomas Pinckney, 23 Oct 1750 - 2 Nov 1828""}","{""Type"": ""Painting""}",,"{""Date"": ""1791""}",[https://ids.si.edu/ids/deliveryService?id=NPG-NPG_2007_211],"https://ids.si.edu/ids/iiif/NPG-NPG_2007_211/full/250,/0/default.jpg"
Thomas Say,"{""Artist"": ""Joseph Wood, c. 1778 - 1830"", ""Sitter"": ""Thomas Say, 27 Jun 1787 - 10 Oct 1834""}","{""Type"": ""Painting""}",,"{""Date"": ""c. 1812""}",[https://ids.si.edu/ids/deliveryService?id=NPG-NPG_72_112Say-000001],"https://ids.si.edu/ids/iiif/NPG-NPG_72_112Say-000001/full/250,/0/default.jpg"
Thomas Stone,"{""Artist"": ""Robert Edge Pine, c. 1730 - 1788"", ""Sitter"": ""Thomas Stone, 1743 - 5 Oct 1787""}","{""Type"": ""Painting""}",,"{""Date"": ""c. 1785""}",[https://ids.si.edu/ids/deliveryService?id=NPG-NPG_71_44],"https://ids.si.edu/ids/iiif/NPG-NPG_71_44/full/250,/0/default.jpg"
"Thomas Williams, of Annapolis","{""Artist"": ""Robert Field, born Gloucestershire, England ca. 1769-died Kingston, Jamaica 1819"", ""Sitter"": ""Thomas Williams""}","{""Type"": ""Painting-Miniature""}",,"{""Date"": ""ca. 1800""}",[https://ids.si.edu/ids/deliveryService?id=SAAM-1978.67.2_1],"https://ids.si.edu/ids/iiif/SAAM-1978.67.2_1/full/250,/0/default.jpg"
"Three-Way Portrait of Thomas Jefferson, James Monroe, and Unidentified Native American (William McIntosh?)","{""Artist"": ""Unidentified"", ""Sitter"": ""Thomas Jefferson\nunidentified\nJames Monroe""}","{""Type"": ""Painting\nFolk Art""}",,"{""Date"": ""early 19th century""}",[https://ids.si.edu/ids/deliveryService?id=SAAM-1967.90.1_4],"https://ids.si.edu/ids/iiif/SAAM-1967.90.1_4/full/250,/0/default.jpg"
Virgen de Monserrate,"{""Artist"": ""Unidentified (Puerto Rican)""}","{""Type"": ""Painting""}",,"{""Date"": ""ca. 1775-1825""}",[https://ids.si.edu/ids/deliveryService?id=SAAM-1996.91.10_1],"https://ids.si.edu/ids/iiif/SAAM-1996.91.10_1/full/250,/0/default.jpg"
Watercolor Painting Depicting the Bennet Family Record,"{""described"": ""Bennet, Jonathan\nHaskel, Betty"", ""artist"": ""Barns, Ruben""}","{""Object Name"": ""painting"", ""Other Terms"": ""Painting; Pictures; Watercolor""}","{""Place Made"": ""United States: Maine, Poland""}","{""Date made"": ""April 12, 1804\n1804-04-12""}",[https://ids.si.edu/ids/deliveryService?id=NMAH-84-7679],"https://ids.si.edu/ids/iiif/NMAH-84-7679/full/250,/0/default.jpg"
West Family in the Studio Garden,"{""Artist"": ""Benjamin West, 10 Oct 1738 - 11 Mar 1820"", ""Sitter"": ""Benjamin West, 10 Oct 1738 - 11 Mar 1820""}","{""Type"": ""Painting""}",,"{""Date"": ""1808-09""}",[https://ids.si.edu/ids/deliveryService?id=NPG-NPG_77_34Westfamily-000004],"https://ids.si.edu/ids/iiif/NPG-NPG_77_34Westfamily-000004/full/250,/0/default.jpg"
William Boswell Lamb,"{""Artist"": ""Unidentified"", ""Sitter"": ""William Roswell Lamb""}","{""Type"": ""Painting-Miniature""}",,"{""Date"": ""ca. 1795""}",[https://ids.si.edu/ids/deliveryService?id=SAAM-1980.126.4_1],"https://ids.si.edu/ids/iiif/SAAM-1980.126.4_1/full/250,/0/default.jpg"
William Carmichael,"{""Artist"": ""Unidentified Artist"", ""Sitter"": ""William Carmichael, ? - Feb 1795""}","{""Type"": ""Painting""}",,"{""Date"": ""1770s""}",[https://ids.si.edu/ids/deliveryService?id=NPG-NPG_2010_49_int],"https://ids.si.edu/ids/iiif/NPG-NPG_2010_49_int/full/250,/0/default.jpg"
William Dunlap self-portrait,"{""Artist"": ""William Dunlap, 18 Feb 1766 - 28 Sep 1839"", ""Sitter"": ""William Dunlap, 18 Feb 1766 - 28 Sep 1839""}","{""Type"": ""Painting""}",,"{""Date"": ""c. 1805""}",[https://ids.si.edu/ids/deliveryService?id=NPG-NPG_2013_40],"https://ids.si.edu/ids/iiif/NPG-NPG_2013_40/full/250,/0/default.jpg"
William Linn,"{""Attribution"": ""Archibald Robertson, 8 May 1765 - 6 Dec 1835"", ""Sitter"": ""William Linn, 27 Feb 1752 - 8 Jan 1808""}","{""Type"": ""Painting""}",,"{""Date"": ""early 1790s""}","[https://ids.si.edu/ids/deliveryService?id=NPG-NPG_2007_11Linn-000003, https://ids.si.edu/ids/deliveryService?id=NPG-NPG_2007_11Linn_int-000001]","https://ids.si.edu/ids/iiif/NPG-NPG_2007_11Linn-000003/full/250,/0/default.jpg"
William Linn,"{""Artist"": ""John Wesley Jarvis, 1780 - 14 Jan 1840"", ""Sitter"": ""William Linn, 27 Feb 1752 - 8 Jan 1808""}","{""Type"": ""Painting""}",,"{""Date"": ""1805""}",[https://ids.si.edu/ids/deliveryService?id=NPG-S_NPG_2007_12Linn-000001],"https://ids.si.edu/ids/iiif/NPG-S_NPG_2007_12Linn-000001/full/250,/0/default.jpg"
William Mather Smith,"{""Artist"": ""Archibald Robertson, born Moneymusk, Scotland-died New York City 1835"", ""Sitter"": ""William Mather Smith""}","{""Type"": ""Painting-Miniature""}",,"{""Date"": ""ca. 1810""}",[https://ids.si.edu/ids/deliveryService?id=SAAM-1944.7.2_1],"https://ids.si.edu/ids/iiif/SAAM-1944.7.2_1/full/250,/0/default.jpg"
William McIntyre,"{""Artist"": ""John Wesley Jarvis, born South Shields, England 1780-died New York City 1840"", ""Sitter"": ""William McIntyre""}","{""Type"": ""Painting-Miniature""}",,"{""Date"": ""early 19th century""}",[https://ids.si.edu/ids/deliveryService?id=SAAM-1999.27.22_1],"https://ids.si.edu/ids/iiif/SAAM-1999.27.22_1/full/250,/0/default.jpg"
William Moultrie,"{""Artist"": ""Charles Willson Peale, 15 Apr 1741 - 22 Feb 1827"", ""Sitter"": ""William Moultrie, 1730 - 27 Sep 1805""}","{""Type"": ""Painting""}",,"{""Date"": ""1782""}",[https://ids.si.edu/ids/deliveryService?id=NPG-NPG_65_57],"https://ids.si.edu/ids/iiif/NPG-NPG_65_57/full/250,/0/default.jpg"
William Shippen,"{""Artist"": ""James Peale, born Chestertown, MD 1749-died Philadelphia, PA 1831"", ""Sitter"": ""William Shippen""}","{""Type"": ""Painting-Miniature""}",,"{""Date"": ""1794""}",[https://ids.si.edu/ids/deliveryService?id=SAAM-1999.87.5_1],"https://ids.si.edu/ids/iiif/SAAM-1999.87.5_1/full/250,/0/default.jpg"
William Thornton,"{""Artist"": ""Robert Field, born Gloucestershire, England ca. 1769-died Kingston, Jamaica 1819"", ""Sitter"": ""William Thornton""}","{""Type"": ""Painting-Miniature""}",,"{""Date"": ""ca. 1800""}",[https://ids.si.edu/ids/deliveryService?id=SAAM-1960.6.1_2],"https://ids.si.edu/ids/iiif/SAAM-1960.6.1_2/full/250,/0/default.jpg"
William Wirt,"{""Artist"": ""Cephas Thompson, 1 Jul 1775 - 6 Nov 1856"", ""Former attribution"": ""John Vanderlyn, 15 Oct 1775 - 23 Sep 1852"", ""Sitter"": ""William Wirt, 8 Nov 1772 - 18 Feb 1834""}","{""Type"": ""Painting""}",,"{""Date"": ""c. 1809-10""}",[https://ids.si.edu/ids/deliveryService?id=NPG-NPG_89_11],"https://ids.si.edu/ids/iiif/NPG-NPG_89_11/full/250,/0/default.jpg"
Young Woman of the Chase Family,"{""Artist"": ""Unidentified"", ""Sitter"": ""Chase""}","{""Type"": ""Painting-Miniature""}",,"{""Date"": ""1810""}",[https://ids.si.edu/ids/deliveryService?id=SAAM-1999.27.17_1],"https://ids.si.edu/ids/iiif/SAAM-1999.27.17_1/full/250,/0/default.jpg"