title,artist,sitter,gender,size,objectType,place,date,thumbnail,mediaURLs
A. Laurason,"Jean Francois De Vallee, active 1794-1828",A. Laurason,male,Miniature,"{""Type"": ""Painting-Miniature""}",,"{""Date"": ""ca. 1805""}","https://ids.si.edu/ids/iiif/SAAM-1958.5.4_1/full/250,/0/default.jpg",[https://ids.si.edu/ids/deliveryService?id=SAAM-1958.5.4_1]
Alexander Hamilton,"John Trumbull, 6 Jun 1756 - 10 Nov 1843","Alexander Hamilton, 11 Jan 1757 - 11 Jul 1804",male,Regular,"{""Type"": ""Painting""}",,"{""Date"": ""1806""}","https://ids.si.edu/ids/iiif/NPG-NPG_79_216Hamilton_d1/full/250,/0/default.jpg",[https://ids.si.edu/ids/deliveryService?id=NPG-NPG_79_216Hamilton_d1]
Alexander Rose,"Pierre Henri, born Paris, France ca. 1760-died NY 1822",Alexander Rose,male,Miniature,"{""Type"": ""Painting-Miniature""}",,"{""Date"": ""ca. 1788""}","https://ids.si.edu/ids/iiif/SAAM-1946.11.6_1/full/250,/0/default.jpg",[https://ids.si.edu/ids/deliveryService?id=SAAM-1946.11.6_1]
Andre Joseph Villard,"David Boudon, Swiss, born Geneva, Switzerland 1748-died 1816; last known residence Chillicothe",Andre Joseph Villard,male,Miniature,"{""Type"": ""Painting-Miniature""}",,"{""Date"": ""1810-1812""}","https://ids.si.edu/ids/iiif/SAAM-1961.9.1_1/full/250,/0/default.jpg",[https://ids.si.edu/ids/deliveryService?id=SAAM-1961.9.1_1]
Ann Elliott Morris,Unidentified Artist,"Ann Elliott Morris, 1763 - 1848",female,Regular,"{""Type"": ""Painting""}",,"{""Date"": ""c. 1800""}","https://ids.si.edu/ids/iiif/NPG-S_NPG_95_116Morris_int/full/250,/0/default.jpg",[https://ids.si.edu/ids/deliveryService?id=NPG-S_NPG_95_116Morris_int]
Anne Hume Shippen,"Benjamin Trott, born Boston, MA ca. 1770-died Washington, DC 1843",Anne Hume Shippen,female,Miniature,"{""Type"": ""Painting-Miniature""}",,"{""Date"": ""ca. 1796""}","https://ids.si.edu/ids/iiif/SAAM-1999.87.1_1/full/250,/0/default.jpg",[https://ids.si.edu/ids/deliveryService?id=SAAM-1999.87.1_1]
"Archibald Bulloch, Governor of Georgia",Unidentified,Archibald Bulloch,male,Miniature,"{""Type"": ""Painting-Miniature""}",,"{""Date"": ""ca. 1790""}","https://ids.si.edu/ids/iiif/SAAM-1975.77.2_1/full/250,/0/default.jpg",[https://ids.si.edu/ids/deliveryService?id=SAAM-1975.77.2_1]
Arthur St. Claire,,"Arthur St. Clair, 23 Mar 1737 - 31 Aug 1818",male,Regular,"{""Type"": ""Painting""}",,"{""Date"": ""c. 1795""}","https://ids.si.edu/ids/iiif/NPG-NPG_83_31StClaire-000001/full/250,/0/default.jpg",[https://ids.si.edu/ids/deliveryService?id=NPG-NPG_83_31StClaire-000001]
Augustus Fricke,"Jean Pierre Henri Elouis, French, born Caen, France 1755-died Caen, France 1840",Augustus Fricke,male,Miniature,"{""Type"": ""Painting-Miniature""}",,"{""Date"": ""ca. 1795""}","https://ids.si.edu/ids/iiif/SAAM-1950.7.10_1/full/250,/0/default.jpg",[https://ids.si.edu/ids/deliveryService?id=SAAM-1950.7.10_1]
Benjamin Franklin,"Joseph Siffred Duplessis, 22 Sep 1725 - 1 Apr 1802","Benjamin Franklin, 17 Jan 1706 - 17 Apr 1790",male,Regular,"{""Type"": ""Painting""}","{""Place"": ""France\\\u00cele-de-France\\Ville de Paris, D\u00e9partment de\\Paris""}","{""Date"": ""c. 1785""}","https://ids.si.edu/ids/iiif/NPG-NPG_87_43/full/250,/0/default.jpg",[https://ids.si.edu/ids/deliveryService?id=NPG-NPG_87_43]
"Benjamin Harrison, Jr.","Charles Willson Peale, 15 Apr 1741 - 22 Feb 1827","Benjamin Harrison, Jr., 1750? - 1799",male,Regular,"{""Type"": ""Painting""}",,"{""Date"": ""1783""}","https://ids.si.edu/ids/iiif/NPG-S_NPG_65_109Harrison-000004/full/250,/0/default.jpg",[https://ids.si.edu/ids/deliveryService?id=NPG-S_NPG_65_109Harrison-000004]
"Benjamin Hurd, Jr.","William M. S. Doyle, born Boston, MA 1769-died Boston, MA 1828",Jr. Benjamin Hurd,male,Miniature,"{""Type"": ""Painting-Miniature""}",,"{""Date"": ""ca. 1804-1818""}","https://ids.si.edu/ids/iiif/SAAM-1999.27.9_1/full/250,/0/default.jpg",[https://ids.si.edu/ids/deliveryService?id=SAAM-1999.27.9_1]
Benjamin Latrobe,"Charles Frederick Von Breda, 16 Aug 1759 - 1 Dec 1818","Benjamin Henry Latrobe, 1 May 1764 - 3 Sep 1820",male,Regular,"{""Type"": ""Painting""}",,"{""Date"": ""c. 1790""}","https://ids.si.edu/ids/iiif/NPG-NPG_2011_64Latrobe_int/full/250,/0/default.jpg",[https://ids.si.edu/ids/deliveryService?id=NPG-NPG_2011_64Latrobe_int]
Benjamin West,,"Benjamin West, 10 Oct 1738 - 11 Mar 1820",male,Regular,"{""Type"": ""Painting""}",,"{""Date"": ""1770""}","https://ids.si.edu/ids/iiif/NPG-NPG_80_136West-000004/full/250,/0/default.jpg",[https://ids.si.edu/ids/deliveryService?id=NPG-NPG_80_136West-000004]
Betsey Colt Foot,"Ezra Ames, 1768 - 1836","Betsey Colt Foot, 1774 - 1847",female,Regular,"{""Type"": ""Painting""}","{""Place"": ""United States\\New York\\Albany\\Albany""}","{""Date"": ""1815""}","https://ids.si.edu/ids/iiif/NPG-NPG_2016_132/full/250,/0/default.jpg",[https://ids.si.edu/ids/deliveryService?id=NPG-NPG_2016_132]
Brother-in-law of Mrs. Alexander Rose,"Archibald Robertson, born Moneymusk, Scotland-died New York City 1835",Brother-in-Law of Mrs. Alex. Rose,male,Miniature,"{""Type"": ""Painting-Miniature""}",,"{""Date"": ""ca. 1795""}","https://ids.si.edu/ids/iiif/SAAM-1933.7.2_1/full/250,/0/default.jpg",[https://ids.si.edu/ids/deliveryService?id=SAAM-1933.7.2_1]
Caldwell Sister,"Charles Willson Peale, born Queen Anne's County, MD 1741-died Philadelphia, PA 1827",Caldwell,female,Miniature,"{""Type"": ""Painting-Miniature""}",,"{""Date"": ""ca. 1782""}","https://ids.si.edu/ids/iiif/SAAM-1999.27.31.2_1/full/250,/0/default.jpg",[https://ids.si.edu/ids/deliveryService?id=SAAM-1999.27.31.2_1]
Caldwell Sister,"Charles Willson Peale, born Queen Anne's County, MD 1741-died Philadelphia, PA 1827",Caldwell,female,Miniature,"{""Type"": ""Painting-Miniature""}",,"{""Date"": ""ca. 1782""}","https://ids.si.edu/ids/iiif/SAAM-1999.27.31.1_1/full/250,/0/default.jpg",[https://ids.si.edu/ids/deliveryService?id=SAAM-1999.27.31.1_1]
Capt. John Gassoway,"Charles Willson Peale, born Queen Anne's County, MD 1741-died Philadelphia, PA 1827",John Gassoway,male,Miniature,"{""Type"": ""Painting-Miniature""}",,"{""Date"": ""ca. 1790""}","https://ids.si.edu/ids/iiif/SAAM-1999.27.33_1/full/250,/0/default.jpg",[https://ids.si.edu/ids/deliveryService?id=SAAM-1999.27.33_1]
Captain Charles McKnight,"Jacob Frymire, born Lancaster County, PA ca. 1765-died Hamilton Township, PA 1822",Charles Mc Knight,male,Regular,"{""Type"": ""Painting""}",,"{""Date"": ""1800""}","https://ids.si.edu/ids/iiif/SAAM-1968.137_1/full/250,/0/default.jpg",[https://ids.si.edu/ids/deliveryService?id=SAAM-1968.137_1]
Captain John H. Seward,Unidentified,Captain John H. Seward,male,Miniature,"{""Type"": ""Painting-Miniature""}",,"{""Date"": ""ca. 1790""}","https://ids.si.edu/ids/iiif/SAAM-1983.21_1/full/250,/0/default.jpg",[https://ids.si.edu/ids/deliveryService?id=SAAM-1983.21_1]
Captain Joseph Anthony,"Walter Robertson, Irish, born Dublin, Ireland ca. 1750-died Fatehpur, India 1801/02",Joseph Anthony,male,Miniature,"{""Type"": ""Painting-Miniature""}",,"{""Date"": ""ca. 1794""}","https://ids.si.edu/ids/iiif/SAAM-1952.12.1_1/full/250,/0/default.jpg",[https://ids.si.edu/ids/deliveryService?id=SAAM-1952.12.1_1]
Captain Robert Lillibridge,"William Verstille, born Boston, MA ca. 1755-died Boston, MA 1803",Robert Lillibridge,male,Miniature,"{""Type"": ""Painting-Miniature""}",,"{""Date"": ""ca. 1795""}","https://ids.si.edu/ids/iiif/SAAM-1975.59.1_1/full/250,/0/default.jpg",[https://ids.si.edu/ids/deliveryService?id=SAAM-1975.59.1_1]
Carter Braxton,Unidentified Artist,"Carter Braxton, 10 Sep 1736 - 10 Oct 1797",male,Regular,"{""Type"": ""Painting""}",,"{""Date"": ""c. 1775""}","https://ids.si.edu/ids/iiif/NPG-NPG_98_33Braxton-000001/full/250,/0/default.jpg",[https://ids.si.edu/ids/deliveryService?id=NPG-NPG_98_33Braxton-000001]
Charles Brockden Brown,"William Dunlap, 18 Feb 1766 - 28 Sep 1839","Charles Brockden Brown, 17 Jan 1771 - 22 Feb 1810",male,Regular,"{""Type"": ""Painting""}","{""Place"": ""United States\\Pennsylvania\\Philadelphia\\Philadelphia""}","{""Date"": ""1806""}","https://ids.si.edu/ids/iiif/NPG-NPG_94_83Brown-000002/full/250,/0/default.jpg",[https://ids.si.edu/ids/deliveryService?id=NPG-NPG_94_83Brown-000002]
Charles Cotesworth Pinckney,"Henry Benbridge, 20 Oct 1743 - 25 Jan 1812","Charles Cotesworth Pinckney, 25 Feb 1746 - 25 Aug 1825",male,Regular,"{""Type"": ""Painting""}",,"{""Date"": ""c. 1773""}","https://ids.si.edu/ids/iiif/NPG-NPG_67_1Pinckney_d1/full/250,/0/default.jpg",[https://ids.si.edu/ids/deliveryService?id=NPG-NPG_67_1Pinckney_d1]
Charles Cotesworth Pinckney,"John Trumbull, 6 Jun 1756 - 10 Nov 1843","Charles Cotesworth Pinckney, 25 Feb 1746 - 25 Aug 1825",male,Regular,"{""Type"": ""Painting""}",,"{""Date"": ""1791""}","https://ids.si.edu/ids/iiif/NPG-NPG_2007_212/full/250,/0/default.jpg",[https://ids.si.edu/ids/deliveryService?id=NPG-NPG_2007_212]
Charles Cotesworth Pinckney,Unidentified Artist,"Charles Cotesworth Pinckney, 25 Feb 1746 - 25 Aug 1825",male,Regular,"{""Type"": ""Painting""}",,"{""Date"": ""1796""}","https://ids.si.edu/ids/iiif/NPG-NPG_92_122Pinckney-000002/full/250,/0/default.jpg",[https://ids.si.edu/ids/deliveryService?id=NPG-NPG_92_122Pinckney-000002]
Charles Willson Peale Self-Portrait,"Charles Willson Peale, 15 Apr 1741 - 22 Feb 1827","Charles Willson Peale, 15 Apr 1741 - 22 Feb 1827",male,Regular,"{""Type"": ""Painting""}",,"{""Date"": ""c. 1791""}","https://ids.si.edu/ids/iiif/NPG-NPG_89_205/full/250,/0/default.jpg",[https://ids.si.edu/ids/deliveryService?id=NPG-NPG_89_205]
Col. George Gibbs III,"John Vanderlyn, 15 Oct 1775 - 23 Sep 1852","George Gibbs, 1776 - 1833",male,Regular,"{""Type"": ""Painting""}",,"{""Date"": ""c. 1806-08""}","https://ids.si.edu/ids/iiif/NPG-NPG_2020_42Gibbs-000002/full/250,/0/default.jpg",[https://ids.si.edu/ids/deliveryService?id=NPG-NPG_2020_42Gibbs-000002]
Col. Josiah Parker,"John Ramage, born Dublin, Ireland ca. 1748-died Montreal, Quebec, Canada 1802",Col. Josiah Parker,male,Miniature,"{""Type"": ""Painting-Miniature""}",,"{""Date"": ""ca. 1789""}","https://ids.si.edu/ids/iiif/SAAM-1957.3.3_1/full/250,/0/default.jpg",[https://ids.si.edu/ids/deliveryService?id=SAAM-1957.3.3_1]
"Col. Lewis Morris, IV",Unidentified Artist,"Col. Lewis Morris IV, 1752? - 1824",male,Regular,"{""Type"": ""Painting""}",,"{""Date"": ""c. 1800""}","https://ids.si.edu/ids/iiif/NPG-9500236A_1/full/250,/0/default.jpg",[https://ids.si.edu/ids/deliveryService?id=NPG-9500236A_1]
Col. Nathaniel Darby,Unidentified,Col. Nathaniel Darby,male,Miniature,"{""Type"": ""Painting-Miniature""}",,"{""Date"": ""ca. 1798""}","https://ids.si.edu/ids/iiif/SAAM-1999.87.7A_1/full/250,/0/default.jpg",[https://ids.si.edu/ids/deliveryService?id=SAAM-1999.87.7A_1]
Colonel Benjamin Stephenson,Unidentified,Benjamin Stephenson,male,Miniature,"{""Type"": ""Painting-Miniature""}",,"{""Date"": ""ca. 1800""}","https://ids.si.edu/ids/iiif/SAAM-1976.56_1/full/250,/0/default.jpg",[https://ids.si.edu/ids/deliveryService?id=SAAM-1976.56_1]
Colonel John Cox,"Charles Willson Peale, born Queen Anne's County, MD 1741-died Philadelphia, PA 1827",John Cox,male,Miniature,"{""Type"": ""Painting-Miniature""}",,"{""Date"": ""1778""}","https://ids.si.edu/ids/iiif/SAAM-1999.27.32_1/full/250,/0/default.jpg",[https://ids.si.edu/ids/deliveryService?id=SAAM-1999.27.32_1]
Colonial Soldier,Unidentified,unidentified,male,Miniature,"{""Type"": ""Painting-Miniature""}",,"{""Date"": ""ca. 1770""}","https://ids.si.edu/ids/iiif/SAAM-1950.4.14_1/full/250,/0/default.jpg",[https://ids.si.edu/ids/deliveryService?id=SAAM-1950.4.14_1]
Conrad Wunder,Unidentified,Conrad Wunder,male,Miniature,"{""Type"": ""Painting-Miniature""}",,"{""Date"": ""1797""}","https://ids.si.edu/ids/iiif/SAAM-1999.27.52_1/full/250,/0/default.jpg",[https://ids.si.edu/ids/deliveryService?id=SAAM-1999.27.52_1]
Daniel Leonard,Unidentified Artist,"Daniel Leonard, 18 May 1740 - 27 Jun 1829",male,Regular,"{""Type"": ""Painting""}",,"{""Date"": ""c. 1770""}","https://ids.si.edu/ids/iiif/NPG-A8000002A_1/full/250,/0/default.jpg",[https://ids.si.edu/ids/deliveryService?id=NPG-A8000002A_1]
Daniel Morgan,Unidentified Artist,"Daniel Morgan, 1736 - 6 Jul 1802",male,Regular,"{""Type"": ""Painting""}",,"{""Date"": ""c. 1780""}","https://ids.si.edu/ids/iiif/NPG-NPG_2001_3Morgan-000002/full/250,/0/default.jpg",[https://ids.si.edu/ids/deliveryService?id=NPG-NPG_2001_3Morgan-000002]
David Livingston,"Joseph Wood, born Clarkstown, NY 1778-died Washington, DC 1830",David Livingston,male,Miniature,"{""Type"": ""Painting-Miniature""}",,"{""Date"": ""ca. 1800""}","https://ids.si.edu/ids/iiif/SAAM-1999.27.51_1/full/250,/0/default.jpg",[https://ids.si.edu/ids/deliveryService?id=SAAM-1999.27.51_1]
David McClellan,"Benjamin Trott, born Boston, MA ca. 1770-died Washington, DC 1843",David McClellan,male,Miniature,"{""Type"": ""Painting-Miniature""}",,"{""Date"": ""ca. 1805""}","https://ids.si.edu/ids/iiif/SAAM-1956.7.1_1/full/250,/0/default.jpg",[https://ids.si.edu/ids/deliveryService?id=SAAM-1956.7.1_1]
David Ramsay,"Charles Willson Peale, 15 Apr 1741 - 22 Feb 1827","David Ramsay, 2 Apr 1749 - 8 May 1815",male,Regular,"{""Type"": ""Painting""}","{""Place"": ""United States\\Pennsylvania\\Philadelphia""}","{""Date"": ""1771""}","https://ids.si.edu/ids/iiif/NPG-B4000160A_2/full/250,/0/default.jpg",[https://ids.si.edu/ids/deliveryService?id=NPG-B4000160A_2]
David Rittenhouse,"Charles Willson Peale, 15 Apr 1741 - 22 Feb 1827","David Rittenhouse, 8 Apr 1732 - 26 Jun 1796",male,Regular,"{""Type"": ""Painting""}","{""Place"": ""United States\\Pennsylvania\\Philadelphia\\Philadelphia""}","{""Date"": ""1796""}","https://ids.si.edu/ids/iiif/NPG-NPG_98_73Rittenhouse_d1/full/250,/0/default.jpg",[https://ids.si.edu/ids/deliveryService?id=NPG-NPG_98_73Rittenhouse_d1]
David Wiley,"Charles Peale Polk, 17 Mar 1767 - 6 May 1822","David Wiley, c. 1768 - c. 1813",male,Regular,"{""Type"": ""Painting""}",,"{""Date"": ""c. 1801""}","https://ids.si.edu/ids/iiif/NPG-NPG_87_244Wiley-000001/full/250,/0/default.jpg",[https://ids.si.edu/ids/deliveryService?id=NPG-NPG_87_244Wiley-000001]
Don José Mas Ferrer,"José Campeche y Jordán, born San Juan, Puerto Rico 1751-died San Juan, Puerto Rico 1809",Don Jose Mas Ferrer,male,Regular,"{""Type"": ""Painting""}",,"{""Date"": ""ca. 1795""}","https://ids.si.edu/ids/iiif/SAAM-1996.91.1_1/full/250,/0/default.jpg",[https://ids.si.edu/ids/deliveryService?id=SAAM-1996.91.1_1]
Dr. Elisha Poinsett,"Edward Greene Malbone, born Newport, RI 1777-died Savannah, GA 1807",Elisha Poinsett,male,Miniature,"{""Type"": ""Painting-Miniature""}",,"{""Date"": ""ca. 1801-1802""}","https://ids.si.edu/ids/iiif/SAAM-1999.27.26_1/full/250,/0/default.jpg",[https://ids.si.edu/ids/deliveryService?id=SAAM-1999.27.26_1]
Dr. William Beekman,"Alexander Robertson, born Aberdeen, Scotland-died New York City 1841",William Beekman,male,Miniature,"{""Type"": ""Painting-Miniature""}",,"{""Date"": ""ca. 1795""}","https://ids.si.edu/ids/iiif/SAAM-1942.11.8_1/full/250,/0/default.jpg",[https://ids.si.edu/ids/deliveryService?id=SAAM-1942.11.8_1]
Elizabeth Depeyster Peale,"James Peale, 1749 - 24 May 1831","Elizabeth Depeyster Peale, 1765 - 1804",female,Regular,"{""Type"": ""Painting""}",,"{""Date"": ""1795""}","https://ids.si.edu/ids/iiif/NPG-S_NPG_2009_49Depeyster-000004/full/250,/0/default.jpg",[https://ids.si.edu/ids/deliveryService?id=NPG-S_NPG_2009_49Depeyster-000004]
Elizabeth Du Hamel?,"Henry Jacob Burch, Jr., English, born 1763-died after 1834",Elizabeth Du Hamel,female,Miniature,"{""Type"": ""Painting-Miniature""}",,"{""Date"": ""ca. 1805""}","https://ids.si.edu/ids/iiif/SAAM-1950.4.40_1/full/250,/0/default.jpg",[https://ids.si.edu/ids/deliveryService?id=SAAM-1950.4.40_1]
Elizabeth Grimké Rutledge,,"Elizabeth Grimké Rutledge, ? - 1792",female,Regular,"{""Type"": ""Painting""}",,"{""Date"": ""c. 1791""}","https://ids.si.edu/ids/iiif/NPG-S_NPG_97_191Rutledgealt-000002/full/250,/0/default.jpg",[https://ids.si.edu/ids/deliveryService?id=NPG-S_NPG_97_191Rutledgealt-000002]
Elizabeth Knapp,"James Peale, born Chestertown, MD 1749-died Philadelphia, PA 1831",Elizabeth Knapp,female,Miniature,"{""Type"": ""Painting-Miniature""}",,"{""Date"": ""1802""}","https://ids.si.edu/ids/iiif/SAAM-1937.11.1_1/full/250,/0/default.jpg",[https://ids.si.edu/ids/deliveryService?id=SAAM-1937.11.1_1]
Elizabeth Linn Brown,"William Dunlap, 18 Feb 1766 - 28 Sep 1839","Elizabeth Linn Brown, 1775 - 1834",female,Regular,"{""Type"": ""Painting""}","{""Place"": ""United States\\Pennsylvania\\Philadelphia\\Philadelphia""}","{""Date"": ""c. 1806""}","https://ids.si.edu/ids/iiif/NPG-S_NPG_94_84_int/full/250,/0/default.jpg",[https://ids.si.edu/ids/deliveryService?id=NPG-S_NPG_94_84_int]
Elizabeth Oliphant,"James Peale, born Chestertown, MD 1749-died Philadelphia, PA 1831",Elizabeth Oliphant,female,Miniature,"{""Type"": ""Painting-Miniature""}",,"{""Date"": ""1795""}","https://ids.si.edu/ids/iiif/SAAM-1942.2.3_1/full/250,/0/default.jpg",[https://ids.si.edu/ids/deliveryService?id=SAAM-1942.2.3_1]
Elizabeth Washington Gamble Wirt,"Cephas Thompson, 1 Jul 1775 - 6 Nov 1856","Elizabeth Washington Gamble Wirt, 30 Jan 1784 - 24 Jan 1857",female,Regular,"{""Type"": ""Painting""}",,"{""Date"": ""c. 1809-10""}","https://ids.si.edu/ids/iiif/NPG-S_NPG_89_12-000001/full/250,/0/default.jpg",[https://ids.si.edu/ids/deliveryService?id=NPG-S_NPG_89_12-000001]
Emily Smiley Snowden,"Charles Peale Polk, born Annapolis, MD 1767-died Richmond Courthouse, VA 1822",Emily Snowden,female,Regular,"{""Type"": ""Painting""}",,"{""Date"": ""1793""}","https://ids.si.edu/ids/iiif/SAAM-1977.104_1/full/250,/0/default.jpg",[https://ids.si.edu/ids/deliveryService?id=SAAM-1977.104_1]
English Gentleman,Unidentified (British),unidentified,male,Miniature,"{""Type"": ""Painting-Miniature""}",,"{""Date"": ""ca. 1810""}","https://ids.si.edu/ids/iiif/SAAM-1950.4.21_1/full/250,/0/default.jpg",[https://ids.si.edu/ids/deliveryService?id=SAAM-1950.4.21_1]
Fisher Ames,"Gilbert Stuart, 3 Dec 1755 - 9 Jul 1828","Fisher Ames, 9 Apr 1758 - 4 Jul 1808",male,Regular,"{""Type"": ""Painting""}",,"{""Date"": ""c. 1807""}","https://ids.si.edu/ids/iiif/NPG-NPG_79_215Ames-000001/full/250,/0/default.jpg",[https://ids.si.edu/ids/deliveryService?id=NPG-NPG_79_215Ames-000001]
Francis Asbury,"John Paradise, 24 Oct 1783 - 26 Sep 1833","Francis Asbury, Aug 1745 - 31 Mar 1816",male,Regular,"{""Type"": ""Painting""}",,"{""Date"": ""1813""}","https://ids.si.edu/ids/iiif/NPG-NPG_90_82Asbury-000001/full/250,/0/default.jpg",[https://ids.si.edu/ids/deliveryService?id=NPG-NPG_90_82Asbury-000001]
Francis Scott Key,"Rembrandt Peale, 22 Feb 1778 - 3 Oct 1860","Francis Scott Key, 1 Aug 1779 - 11 Jan 1843",male,Regular,"{""Type"": ""Painting""}","{""Place"": ""United States\\Maryland\\Anne Arundel\\Annapolis""}","{""Date"": ""c. 1796""}","https://ids.si.edu/ids/iiif/NPG-NPG_2016_22/full/250,/0/default.jpg",[https://ids.si.edu/ids/deliveryService?id=NPG-NPG_2016_22]
Frederick Augustus Conrad Muhlenberg,"Joseph Wright, 16 Jul 1756 - c. 11 Oct 1793","Frederick Augustus Conrad Muhlenberg, 1 Jan 1750 - 4 Jun 1801",male,Regular,"{""Type"": ""Painting""}",,"{""Date"": ""1790""}","https://ids.si.edu/ids/iiif/NPG-NPG_74_1/full/250,/0/default.jpg",[https://ids.si.edu/ids/deliveryService?id=NPG-NPG_74_1]
General John Cadwalader,"Charles Willson Peale, born Queen Anne's County, MD 1741-died Philadelphia, PA 1827",John Cadwalader,male,Miniature,"{""Type"": ""Painting-Miniature""}",,"{""Date"": ""ca. 1788""}","https://ids.si.edu/ids/iiif/SAAM-1999.27.30_1/full/250,/0/default.jpg",[https://ids.si.edu/ids/deliveryService?id=SAAM-1999.27.30_1]
George Clinton,,"George Clinton, 26 Jul 1739 - 20 Apr 1812",male,Regular,"{""Type"": ""Painting""}",,"{""Date"": ""c. 1806""}","https://ids.si.edu/ids/iiif/NPG-NPG_84_172/full/250,/0/default.jpg",[https://ids.si.edu/ids/deliveryService?id=NPG-NPG_84_172]
George Clymer,Unidentified Artist,"George Clymer, 16 Mar 1739 - 25 Jan 1813",male,Regular,"{""Type"": ""Painting""}",,"{""Date"": ""c. 1807-10""}","https://ids.si.edu/ids/iiif/NPG-7200010A/full/250,/0/default.jpg",[https://ids.si.edu/ids/deliveryService?id=NPG-7200010A]
George Fisher,"Raphaelle Peale, born Annapolis, MD 1774-died Philadelphia, PA 1825","George Fisher
George Fisher
George Fisher",male,Miniature,"{""Type"": ""Painting-Miniature""}",,"{""Date"": ""ca. 1795""}","https://ids.si.edu/ids/iiif/SAAM-1950.4.24_1/full/250,/0/default.jpg",[https://ids.si.edu/ids/deliveryService?id=SAAM-1950.4.24_1]
George Read,"Robert Edge Pine, c. 1730 - 1788","George Read, 18 Sep 1733 - 21 Sep 1798",male,Regular,"{""Type"": ""Painting""}",,"{""Date"": ""1784""}","https://ids.si.edu/ids/iiif/NPG-NPG_72_4/full/250,/0/default.jpg",[https://ids.si.edu/ids/deliveryService?id=NPG-NPG_72_4]
George Rogers Clark,,"Gen. George Rogers Clark, 19 Nov 1752 - 13 Feb 1818",male,Regular,"{""Type"": ""Painting""}",,"{""Date"": ""c. 1810""}","https://ids.si.edu/ids/iiif/NPG-NPG_69_48/full/250,/0/default.jpg",[https://ids.si.edu/ids/deliveryService?id=NPG-NPG_69_48]
George Washington,"Rembrandt Peale, 22 Feb 1778 - 3 Oct 1860","George Washington, 22 Feb 1732 - 14 Dec 1799",male,Regular,"{""Type"": ""Painting""}",,"{""Date"": ""1795""}","https://ids.si.edu/ids/iiif/NPG-NPG_65_59/full/250,/0/default.jpg",[https://ids.si.edu/ids/deliveryService?id=NPG-NPG_65_59]
George Washington,"Robert Edge Pine, c. 1730 - 1788","George Washington, 22 Feb 1732 - 14 Dec 1799",male,Regular,"{""Type"": ""Painting""}",,"{""Date"": ""1785""}","https://ids.si.edu/ids/iiif/NPG-NPG_80_16GW-000001/full/250,/0/default.jpg",[https://ids.si.edu/ids/deliveryService?id=NPG-NPG_80_16GW-000001]
George Washington,,George Washington,male,Regular,"{""Type"": ""Painting""}",,"{""Date"": ""1803?""}","https://ids.si.edu/ids/iiif/SAAM-XX108A_1/full/250,/0/default.jpg",[https://ids.si.edu/ids/deliveryService?id=SAAM-XX108A_1]
George Washington,"Ellen Wallace Sharples, 1769 - 1849","George Washington, 22 Feb 1732 - 14 Dec 1799",male,Regular,"{""Type"": ""Painting""}",,"{""Date"": ""c. 1803""}","https://ids.si.edu/ids/iiif/NPG-NPG_2013_142GW-000001/full/250,/0/default.jpg","[https://ids.si.edu/ids/deliveryService?id=NPG-NPG_2013_142GW-000001, https://ids.si.edu/ids/deliveryService?id=NPG-NPG_2013_142GW_int, https://ids.si.edu/ids/deliveryService?id=NPG-NPG_2013_142versoGW_int]"
George Washington,Unidentified Artist,"George Washington, 22 Feb 1732 - 14 Dec 1799",male,Regular,"{""Type"": ""Painting""}",,"{""Date"": ""after 1796""}","https://ids.si.edu/ids/iiif/NPG-NPG_2013_140GW-000001/full/250,/0/default.jpg","[https://ids.si.edu/ids/deliveryService?id=NPG-NPG_2013_140GW-000001, https://ids.si.edu/ids/deliveryService?id=NPG-NPG_2013_140versoGW_int]"
George Washington,"William Clarke, active 1785 - 1806","George Washington, 22 Feb 1732 - 14 Dec 1799",male,Regular,"{""Type"": ""Painting""}","{""Place"": ""United States\\Pennsylvania\\Philadelphia""}","{""Date"": ""1800""}","https://ids.si.edu/ids/iiif/NPG-NPG_2012_90GW-000001/full/250,/0/default.jpg",[https://ids.si.edu/ids/deliveryService?id=NPG-NPG_2012_90GW-000001]
George Washington (Lansdowne Portrait),"Gilbert Stuart, 3 Dec 1755 - 9 Jul 1828","George Washington, 22 Feb 1732 - 14 Dec 1799",male,Regular,"{""Type"": ""Painting""}","{""Place"": ""United States\\Pennsylvania\\Franklin\\Germantown""}","{""Date"": ""1796""}","https://ids.si.edu/ids/iiif/NPG-NPG_2001_13_ext/full/250,/0/default.jpg",[https://ids.si.edu/ids/deliveryService?id=NPG-NPG_2001_13_ext]
Henry B. Bounetheau's Aunt,"Edward Greene Malbone, born Newport, RI 1777-died Savannah, GA 1807",aunt Henry B. Bounetheau,female,Miniature,"{""Type"": ""Painting-Miniature""}",,"{""Date"": ""ca. 1804""}","https://ids.si.edu/ids/iiif/SAAM-1946.3.16_1/full/250,/0/default.jpg",[https://ids.si.edu/ids/deliveryService?id=SAAM-1946.3.16_1]
Henry Cruger,,"Henry Cruger, 22 Nov 1739 - 24 Apr 1827",male,Regular,"{""Type"": ""Painting""}",,"{""Date"": ""1770""}","https://ids.si.edu/ids/iiif/NPG-NPG_81_117Cruger-000001/full/250,/0/default.jpg",[https://ids.si.edu/ids/deliveryService?id=NPG-NPG_81_117Cruger-000001]
Henry Knox,"Charles Peale Polk, 17 Mar 1767 - 6 May 1822","Henry Knox, 25 Jul 1750 - 25 Oct 1806",male,Regular,"{""Type"": ""Painting""}",,"{""Date"": ""after 1783""}","https://ids.si.edu/ids/iiif/NPG-NPG_73_11/full/250,/0/default.jpg",[https://ids.si.edu/ids/deliveryService?id=NPG-NPG_73_11]
Henry Laurens,"John Singleton Copley, 3 Jul 1738 - 9 Sep 1815","Henry Laurens, 6 Mar 1724 - 8 Dec 1792",male,Regular,"{""Type"": ""Painting""}",,"{""Date"": ""1782""}","https://ids.si.edu/ids/iiif/NPG-NPG_65_45Laurens_d1/full/250,/0/default.jpg",[https://ids.si.edu/ids/deliveryService?id=NPG-NPG_65_45Laurens_d1]
Hermia and Helena,"Washington Allston, born Georgetown, SC 1779-died Cambridgeport, MA 1843","Hermia
Helena",female,Regular,"{""Type"": ""Painting""}",,"{""Date"": ""before 1818""}","https://ids.si.edu/ids/iiif/SAAM-1990.21_1/full/250,/0/default.jpg",[https://ids.si.edu/ids/deliveryService?id=SAAM-1990.21_1]
Horatio Gates,"James Peale, 1749 - 24 May 1831","Horatio Gates, 1727 - 1806",male,Regular,"{""Type"": ""Painting""}",,"{""Date"": ""c. 1782""}","https://ids.si.edu/ids/iiif/NPG-NPG_69_50/full/250,/0/default.jpg",[https://ids.si.edu/ids/deliveryService?id=NPG-NPG_69_50]
Howes Goldsborough,"James Peale, born Chestertown, MD 1749-died Philadelphia, PA 1831",Howes Goldsborough,male,Miniature,"{""Type"": ""Painting-Miniature""}",,"{""Date"": ""1799""}","https://ids.si.edu/ids/iiif/SAAM-1948.5.1_1/full/250,/0/default.jpg",[https://ids.si.edu/ids/deliveryService?id=SAAM-1948.5.1_1]
Isaac Praul,"Lewis Aubineau, active 1799-1814",Isaac Praul,male,Miniature,"{""Type"": ""Painting-Miniature""}",,"{""Date"": ""ca. 1805""}","https://ids.si.edu/ids/iiif/SAAM-1950.4.15_1/full/250,/0/default.jpg",[https://ids.si.edu/ids/deliveryService?id=SAAM-1950.4.15_1]
Isabel O'Daly,"José Campeche y Jordán, born San Juan, Puerto Rico 1751-died San Juan, Puerto Rico 1809",Isabel O'Daly,female,Regular,"{""Type"": ""Painting""}",,"{""Date"": ""1808""}","https://ids.si.edu/ids/iiif/SAAM-1996.91.2_1/full/250,/0/default.jpg",[https://ids.si.edu/ids/deliveryService?id=SAAM-1996.91.2_1]
"James Cunningham, Last Earl of Glencairn",Unidentified (British),James Cunningham,male,Miniature,"{""Type"": ""Painting-Miniature""}",,"{""Date"": ""ca. 1790""}","https://ids.si.edu/ids/iiif/SAAM-1951.3.8_1/full/250,/0/default.jpg",[https://ids.si.edu/ids/deliveryService?id=SAAM-1951.3.8_1]
James Madison,"Thomas Sully, 19 Jun 1783 - 5 Nov 1872","James Madison, 16 Mar 1751 - 28 Jun 1836",male,Regular,"{""Type"": ""Painting""}",,"{""Date"": ""1809""}","https://ids.si.edu/ids/iiif/NPG-NPG_2019_32-000001/full/250,/0/default.jpg",[https://ids.si.edu/ids/deliveryService?id=NPG-NPG_2019_32-000001]
James Rumsey,,James Rumsey,male,Regular,"{""Type"": ""Painting""}",,"{""Date"": ""ca. 1790""}","https://ids.si.edu/ids/iiif/SAAM-1957.11.2_1/full/250,/0/default.jpg",[https://ids.si.edu/ids/deliveryService?id=SAAM-1957.11.2_1]
James Smithson,"James Roberts, 1753 - c. 1809","James Smithson, c. 1765 - 1829",male,Regular,"{""Type"": ""Painting""}","{""Place"": ""United Kingdom\\England""}","{""Date"": ""1786""}","https://ids.si.edu/ids/iiif/NPG-NPG_96_28Smithson1L-000001/full/250,/0/default.jpg",[https://ids.si.edu/ids/deliveryService?id=NPG-NPG_96_28Smithson1L-000001]
James Wilson,"Jean Pierre Henri Elouis, French, born Caen, France 1755-died Caen, France 1840",James Wilson,male,Miniature,"{""Type"": ""Painting-Miniature""}",,"{""Date"": ""ca. 1792""}","https://ids.si.edu/ids/iiif/SAAM-1952.3.3_1/full/250,/0/default.jpg",[https://ids.si.edu/ids/deliveryService?id=SAAM-1952.3.3_1]
Jane Gray Wall,"Joseph Francis Burrell, English, born 1770-died after 1854",Jane Gray Wall,female,Miniature,"{""Type"": ""Painting-Miniature""}",,"{""Date"": ""ca. 1795""}","https://ids.si.edu/ids/iiif/SAAM-1999.87.3_1/full/250,/0/default.jpg",[https://ids.si.edu/ids/deliveryService?id=SAAM-1999.87.3_1]
Jane Stone,"Benjamin Trott, born Boston, MA ca. 1770-died Washington, DC 1843",Jane Stone,female,Miniature,"{""Type"": ""Painting-Miniature""}",,"{""Date"": ""ca. 1805""}","https://ids.si.edu/ids/iiif/SAAM-1934.11.1_1/full/250,/0/default.jpg",[https://ids.si.edu/ids/deliveryService?id=SAAM-1934.11.1_1]
Jeremiah Williams,"Christian Gullager, born Copenhagen, Denmark 1759-died Philadelphia, PA 1826",Jeremiah Williams,male,Regular,"{""Type"": ""Painting""}",,"{""Date"": ""ca. 1789-1790""}","https://ids.si.edu/ids/iiif/SAAM-1977.101.1_2/full/250,/0/default.jpg",[https://ids.si.edu/ids/deliveryService?id=SAAM-1977.101.1_2]
Joel Barlow,"William Dunlap, 18 Feb 1766 - 28 Sep 1839","Joel Barlow, 24 Mar 1754 - 26 Dec 1812",male,Regular,"{""Type"": ""Painting""}",,"{""Date"": ""1806""}","https://ids.si.edu/ids/iiif/NPG-NPG_76_30/full/250,/0/default.jpg",[https://ids.si.edu/ids/deliveryService?id=NPG-NPG_76_30]
Joel Barlow,"Robert Fulton, 14 Nov 1765 - 25 Feb 1815","Joel Barlow, 24 Mar 1754 - 26 Dec 1812",male,Regular,"{""Type"": ""Painting""}",,"{""Date"": ""1805""}","https://ids.si.edu/ids/iiif/NPG-NPG_83_249/full/250,/0/default.jpg",[https://ids.si.edu/ids/deliveryService?id=NPG-NPG_83_249]
John Adams,"John Trumbull, 6 Jun 1756 - 10 Nov 1843","John Adams, 30 Oct 1735 - 4 Jul 1826",male,Regular,"{""Type"": ""Painting""}","{""Place"": ""United States\\Pennsylvania\\Philadelphia\\Philadelphia""}","{""Date"": ""1793""}","https://ids.si.edu/ids/iiif/NPG-NPG_75_52/full/250,/0/default.jpg",[https://ids.si.edu/ids/deliveryService?id=NPG-NPG_75_52]
John Dallas,Unidentified,John Dallas,male,Miniature,"{""Type"": ""Painting-Miniature""}",,"{""Date"": ""ca. 1801""}","https://ids.si.edu/ids/iiif/SAAM-1999.27.80_1/full/250,/0/default.jpg",[https://ids.si.edu/ids/deliveryService?id=SAAM-1999.27.80_1]
John Ewing,"Charles Willson Peale, 15 Apr 1741 - 22 Feb 1827","John Ewing, 1732 - 1802",male,Regular,"{""Type"": ""Painting""}","{""Place"": ""United States\\Pennsylvania\\Philadelphia\\Philadelphia""}","{""Date"": ""1788""}","https://ids.si.edu/ids/iiif/NPG-NPG_2001_15/full/250,/0/default.jpg",[https://ids.si.edu/ids/deliveryService?id=NPG-NPG_2001_15]
John Howard Payne,"John Wesley Jarvis, 1780 - 14 Jan 1840","John Howard Payne, 9 Jun 1791 - 10 Apr 1852",male,Regular,"{""Type"": ""Painting""}","{""Place"": ""United States\\Maryland\\Baltimore Independent City\\Baltimore""}","{""Date"": ""1812""}","https://ids.si.edu/ids/iiif/NPG-NPG_2019_28-000001/full/250,/0/default.jpg",[https://ids.si.edu/ids/deliveryService?id=NPG-NPG_2019_28-000001]
John Jauncey Ketchum,"Walter Robertson, Irish, born Dublin, Ireland ca. 1750-died Fatehpur, India 1801/02",John Jauncey Ketchum,male,Miniature,"{""Type"": ""Painting-Miniature""}",,"{""Date"": ""ca. 1795""}","https://ids.si.edu/ids/iiif/SAAM-1986.64.1_1/full/250,/0/default.jpg",[https://ids.si.edu/ids/deliveryService?id=SAAM-1986.64.1_1]
John Laurens,"Charles Willson Peale, 15 Apr 1741 - 22 Feb 1827","John Laurens, 28 Oct 1754 - 27 Aug 1782",male,Regular,"{""Type"": ""Painting""}",,"{""Date"": ""1780""}","https://ids.si.edu/ids/iiif/NPG-NPG_2009_111/full/250,/0/default.jpg","[https://ids.si.edu/ids/deliveryService?id=NPG-NPG_2009_111, https://ids.si.edu/ids/deliveryService?id=NPG-NPG_2009_111reverse]"
John Marshall,"Cephas Thompson, 1 Jul 1775 - 6 Nov 1856","John Marshall, 24 Sep 1755 - 6 Jul 1835",male,Regular,"{""Type"": ""Painting""}",,"{""Date"": ""1809-10""}","https://ids.si.edu/ids/iiif/NPG-NPG_2010_48_ext/full/250,/0/default.jpg",[https://ids.si.edu/ids/deliveryService?id=NPG-NPG_2010_48_ext]
John Paul Jones,Unidentified Artist,"John Paul Jones, 6 Jul 1747 - 18 Jul 1792",male,Regular,"{""Type"": ""Painting""}",,"{""Date"": ""1780""}","https://ids.si.edu/ids/iiif/NPG-NPG_73_10Jones_int/full/250,/0/default.jpg",[https://ids.si.edu/ids/deliveryService?id=NPG-NPG_73_10Jones_int]
John Quincy Adams,"Pieter Van Huffel, 1769 - 1844","John Quincy Adams, 11 Jul 1767 - 23 Feb 1848",male,Regular,"{""Type"": ""Painting""}","{""Place"": ""Belgi\u00eb\\Vlaanderen\\Oost-Vlaanderen\\Ghent""}","{""Date"": ""1815""}","https://ids.si.edu/ids/iiif/NPG-NPG_70_12Adams-000002/full/250,/0/default.jpg",[https://ids.si.edu/ids/deliveryService?id=NPG-NPG_70_12Adams-000002]
John Quincy Adams,Unidentified,John Quincy Adams,male,Miniature,"{""Type"": ""Painting-Miniature""}",,"{""Date"": ""early 19th century""}","https://ids.si.edu/ids/iiif/SAAM-1999.27.58_1/full/250,/0/default.jpg",[https://ids.si.edu/ids/deliveryService?id=SAAM-1999.27.58_1]
John Randolph,"John Wesley Jarvis, 1780 - 14 Jan 1840","John Randolph, 2 Jun 1773 - 24 May 1833",male,Regular,"{""Type"": ""Painting""}",,"{""Date"": ""1811""}","https://ids.si.edu/ids/iiif/NPG-NPG_70_246Randolph_d1/full/250,/0/default.jpg",[https://ids.si.edu/ids/deliveryService?id=NPG-NPG_70_246Randolph_d1]
John Rutledge,,"John Rutledge, 1739 - 18 Jul 1800",male,Regular,"{""Type"": ""Painting""}",,"{""Date"": ""c. 1791""}","https://ids.si.edu/ids/iiif/NPG-9700390A_1/full/250,/0/default.jpg",[https://ids.si.edu/ids/deliveryService?id=NPG-9700390A_1]
John Sergeant,"Thomas Sully, 19 Jun 1783 - 5 Nov 1872","John Sergeant, 5 Dec 1779 - 25 Nov 1852",male,Regular,"{""Type"": ""Painting""}",,"{""Date"": ""1811""}","https://ids.si.edu/ids/iiif/NPG-8400358A_1/full/250,/0/default.jpg",[https://ids.si.edu/ids/deliveryService?id=NPG-8400358A_1]
John Singleton Copley Self-Portrait,"John Singleton Copley, 3 Jul 1738 - 9 Sep 1815","John Singleton Copley, 3 Jul 1738 - 9 Sep 1815",male,Regular,"{""Type"": ""Painting""}",,"{""Date"": ""c. 1780-84""}","https://ids.si.edu/ids/iiif/NPG-NPG_77_22-000001/full/250,/0/default.jpg",[https://ids.si.edu/ids/deliveryService?id=NPG-NPG_77_22-000001]
John Swanwick,"Matthew Pratt, born Philadelphia, PA 1734-died Philadelphia, PA 1805",John Swanwick,male,Regular,"{""Type"": ""Painting""}",,"{""Date"": ""ca. 1800""}","https://ids.si.edu/ids/iiif/SAAM-2010.16.2_1/full/250,/0/default.jpg",[https://ids.si.edu/ids/deliveryService?id=SAAM-2010.16.2_1]
John Tower,"James Peale, born Chestertown, MD 1749-died Philadelphia, PA 1831",John Tower,male,Miniature,"{""Type"": ""Painting-Miniature""}",,"{""Date"": ""1806""}","https://ids.si.edu/ids/iiif/SAAM-1999.27.35_1/full/250,/0/default.jpg",[https://ids.si.edu/ids/deliveryService?id=SAAM-1999.27.35_1]
John Winthrop,Unidentified Artist,"John Winthrop, 1587/8 - 1649",male,Regular,"{""Type"": ""Painting""}",,"{""Date"": ""c. 1800, after early 17th century original""}","https://ids.si.edu/ids/iiif/NPG-NPG_2004_1/full/250,/0/default.jpg",[https://ids.si.edu/ids/deliveryService?id=NPG-NPG_2004_1]
John Witherspoon,"Rembrandt Peale, 22 Feb 1778 - 3 Oct 1860","John Witherspoon, 5 Feb 1723 - 15 Nov 1794",male,Regular,"{""Type"": ""Painting""}",,"{""Date"": ""1794""}","https://ids.si.edu/ids/iiif/NPG-NPG_91_81Witherspoon_d1/full/250,/0/default.jpg",[https://ids.si.edu/ids/deliveryService?id=NPG-NPG_91_81Witherspoon_d1]
Jonas Phillips,Unidentified Artist,"Jonas Phillips, 1736 - 29 Jan 1803",male,Regular,"{""Type"": ""Painting""}",,"{""Date"": ""c. 1790""}","https://ids.si.edu/ids/iiif/NPG-NPG_97_189-000001/full/250,/0/default.jpg",[https://ids.si.edu/ids/deliveryService?id=NPG-NPG_97_189-000001]
Joseph Ball,"Christian Gullager, born Copenhagen, Denmark 1759-died Philadelphia, PA 1826",Joseph Ball,male,Regular,"{""Type"": ""Painting""}",,"{""Date"": ""1798 -1805""}","https://ids.si.edu/ids/iiif/SAAM-2010.16.1_1/full/250,/0/default.jpg",[https://ids.si.edu/ids/deliveryService?id=SAAM-2010.16.1_1]
Joseph Curwen,"Edward Greene Malbone, born Newport, RI 1777-died Savannah, GA 1807",Joseph Curwen,male,Miniature,"{""Type"": ""Painting-Miniature""}",,"{""Date"": ""1804""}","https://ids.si.edu/ids/iiif/SAAM-1984.2_1/full/250,/0/default.jpg",[https://ids.si.edu/ids/deliveryService?id=SAAM-1984.2_1]
Joseph Fox,Unidentified,Joseph Fox,male,Miniature,"{""Type"": ""Painting-Miniature""}",,"{""Date"": ""1790s""}","https://ids.si.edu/ids/iiif/SAAM-1999.27.68_1/full/250,/0/default.jpg",[https://ids.si.edu/ids/deliveryService?id=SAAM-1999.27.68_1]
Joseph Galloway,,"Joseph Galloway, 1731 - 29 Aug 1803",male,Regular,"{""Type"": ""Painting""}",,"{""Date"": ""c. 1775""}","https://ids.si.edu/ids/iiif/NPG-NPG_92_33_int-000001/full/250,/0/default.jpg",[https://ids.si.edu/ids/deliveryService?id=NPG-NPG_92_33_int-000001]
Joseph Lavoir de Repiton,"Francis Rabineau, active 1791-1808",Joseph Repiton,male,Miniature,"{""Type"": ""Painting-Miniature""}",,"{""Date"": ""ca. 1798""}","https://ids.si.edu/ids/iiif/SAAM-1980.126.2_1/full/250,/0/default.jpg",[https://ids.si.edu/ids/deliveryService?id=SAAM-1980.126.2_1]
Josiah Hewes Anthony,"James Peale, born Chestertown, MD 1749-died Philadelphia, PA 1831",Josiah Hewes Anthony,male,Miniature,"{""Type"": ""Painting-Miniature""}",,"{""Date"": ""1790""}","https://ids.si.edu/ids/iiif/SAAM-1952.12.2_1/full/250,/0/default.jpg",[https://ids.si.edu/ids/deliveryService?id=SAAM-1952.12.2_1]
Juliana Westray Wood,"Rembrandt Peale, 22 Feb 1778 - 3 Oct 1860","Juliana Westray Wood, 1778 - 1838",female,Regular,"{""Type"": ""Painting""}",,"{""Date"": ""c. 1811""}","https://ids.si.edu/ids/iiif/NPG-NPG_81_120Wood_d1/full/250,/0/default.jpg",[https://ids.si.edu/ids/deliveryService?id=NPG-NPG_81_120Wood_d1]
Lawrence Reid Yates,"Walter Robertson, Irish, born Dublin, Ireland ca. 1750-died Fatehpur, India 1801/02",Lawrence Reid Yates,male,Miniature,"{""Type"": ""Painting-Miniature""}",,"{""Date"": ""ca. 1794""}","https://ids.si.edu/ids/iiif/SAAM-1956.1.3_1/full/250,/0/default.jpg",[https://ids.si.edu/ids/deliveryService?id=SAAM-1956.1.3_1]
Le Duc de Liancourt,"Charles Willson Peale, born Queen Anne's County, MD 1741-died Philadelphia, PA 1827",Duc de Liancourt,male,Miniature,"{""Type"": ""Painting-Miniature""}",,"{""Date"": ""ca.1794-1797""}","https://ids.si.edu/ids/iiif/SAAM-1974.87_1/full/250,/0/default.jpg",[https://ids.si.edu/ids/deliveryService?id=SAAM-1974.87_1]
"Louis-Guillaume Otto, comte de Mosloy","Charles Willson Peale, born Queen Anne's County, MD 1741-died Philadelphia, PA 1827",Comte de Mosloy Louis Guillaume Otto,male,Miniature,"{""Type"": ""Painting-Miniature""}",,"{""Date"": ""ca. 1780""}","https://ids.si.edu/ids/iiif/SAAM-1999.87.6_1/full/250,/0/default.jpg",[https://ids.si.edu/ids/deliveryService?id=SAAM-1999.87.6_1]
Major-General Anthony Wayne,"James Peale, born Chestertown, MD 1749-died Philadelphia, PA 1831",Anthony Wayne,male,Miniature,"{""Type"": ""Painting-Miniature""}",,"{""Date"": ""ca. 1795""}","https://ids.si.edu/ids/iiif/SAAM-1999.27.41_1/full/250,/0/default.jpg",[https://ids.si.edu/ids/deliveryService?id=SAAM-1999.27.41_1]
Margaret Spear Smith,"Gilbert Stuart, 3 Dec 1755 - 9 Jul 1828","Margaret Spear Smith, 1758 - 1842",female,Regular,"{""Type"": ""Painting""}",,"{""Date"": ""c. 1800""}","https://ids.si.edu/ids/iiif/NPG-S_NPG_66_64/full/250,/0/default.jpg",[https://ids.si.edu/ids/deliveryService?id=NPG-S_NPG_66_64]
Marguerite Repiton (Mrs. Joseph),"Francis Rabineau, active 1791-1808","Mrs. Joseph Repiton
Marguerite Repiton",female,Miniature,"{""Type"": ""Painting-Miniature""}",,"{""Date"": ""ca. 1798""}","https://ids.si.edu/ids/iiif/SAAM-1980.126.3_1/full/250,/0/default.jpg",[https://ids.si.edu/ids/deliveryService?id=SAAM-1980.126.3_1]
Mary Abigail Willing Coale,"Thomas Sully, born Horncastle, England 1783-died Philadelphia, PA 1872",Mary Abigail Willing Coale,female,Regular,"{""Type"": ""Painting""}",,"{""Date"": ""1809""}","https://ids.si.edu/ids/iiif/SAAM-1926.6.4_1/full/250,/0/default.jpg",[https://ids.si.edu/ids/deliveryService?id=SAAM-1926.6.4_1]
Mary Thayer Holden,"Thomas Young, born 1765-died 1821",Mary Thayer Holden,female,Miniature,"{""Type"": ""Painting-Miniature""}",,"{""Date"": ""ca. 1805""}","https://ids.si.edu/ids/iiif/SAAM-1950.4.3_1/full/250,/0/default.jpg",[https://ids.si.edu/ids/deliveryService?id=SAAM-1950.4.3_1]
Mary Walsh McBlair,,Mary Walsh McBlair,female,Miniature,"{""Type"": ""Painting-Miniature""}",,"{""Date"": ""ca. 1801-1872""}","https://ids.si.edu/ids/iiif/SAAM-1999.27.47_1/full/250,/0/default.jpg",[https://ids.si.edu/ids/deliveryService?id=SAAM-1999.27.47_1]
Master Peters,"Joseph Wood, born Clarkstown, NY 1778-died Washington, DC 1830",Master Peters,male,Miniature,"{""Type"": ""Painting-Miniature""}",,"{""Date"": ""1804""}","https://ids.si.edu/ids/iiif/SAAM-1981.32_1/full/250,/0/default.jpg",[https://ids.si.edu/ids/deliveryService?id=SAAM-1981.32_1]
Matilda Davis Williams,"Christian Gullager, born Copenhagen, Denmark 1759-died Philadelphia, PA 1826",Matilda Davis Williams,female,Regular,"{""Type"": ""Painting""}",,"{""Date"": ""ca. 1791-1792""}","https://ids.si.edu/ids/iiif/SAAM-1977.101.2_2/full/250,/0/default.jpg",[https://ids.si.edu/ids/deliveryService?id=SAAM-1977.101.2_2]
Member of the Mayfield Family,"George Place, Irish, born Dublin, Ireland 1760 or 1775-died Lucknow, India 1805 or 1809",Mayfield,male,Miniature,"{""Type"": ""Painting-Miniature""}",,"{""Date"": ""ca. 1805""}","https://ids.si.edu/ids/iiif/SAAM-1953.7.4_1/full/250,/0/default.jpg",[https://ids.si.edu/ids/deliveryService?id=SAAM-1953.7.4_1]
Member of the Washington Family,"James Peale, born Chestertown, MD 1749-died Philadelphia, PA 1831","unidentified
unidentified
unidentified",male,Miniature,"{""Type"": ""Painting-Miniature""}",,"{""Date"": ""ca. 1795""}","https://ids.si.edu/ids/iiif/SAAM-1950.10.2_1-000001/full/250,/0/default.jpg",[https://ids.si.edu/ids/deliveryService?id=SAAM-1950.10.2_1-000001]
Member of the Yates Family,Unidentified,Yates,male,Miniature,"{""Type"": ""Painting-Miniature""}",,"{""Date"": ""ca. 1780""}","https://ids.si.edu/ids/iiif/SAAM-1956.1.1_1/full/250,/0/default.jpg",[https://ids.si.edu/ids/deliveryService?id=SAAM-1956.1.1_1]
Miriam Etting Myers,"Benjamin Trott, born Boston, MA ca. 1770-died Washington, DC 1843",Miriam Etting Myers,female,Miniature,"{""Type"": ""Painting-Miniature""}",,"{""Date"": ""ca. 1805""}","https://ids.si.edu/ids/iiif/SAAM-1959.5.1_1/full/250,/0/default.jpg",[https://ids.si.edu/ids/deliveryService?id=SAAM-1959.5.1_1]
Miss Kirkpatrick,"George Romney, English, born Dalton-le-Furness, England 1734-died Kendal, England 1802",Miss Kirkpatrick,female,Regular,"{""Type"": ""Painting""}",,"{""Date"": ""ca. 1772""}","https://ids.si.edu/ids/iiif/SAAM-1906.9.17_1/full/250,/0/default.jpg",[https://ids.si.edu/ids/deliveryService?id=SAAM-1906.9.17_1]
Miss Lettie Stanley,Unidentified,Lettie Stanley,female,Miniature,"{""Type"": ""Painting-Miniature""}",,"{""Date"": ""ca. 1810""}","https://ids.si.edu/ids/iiif/SAAM-1950.4.29_1/full/250,/0/default.jpg",[https://ids.si.edu/ids/deliveryService?id=SAAM-1950.4.29_1]
Mr. Baker,,Mr. Baker,male,Miniature,"{""Type"": ""Painting-Miniature""}",,"{""Date"": ""ca. 1800-1814""}","https://ids.si.edu/ids/iiif/SAAM-1999.27.18_1/full/250,/0/default.jpg",[https://ids.si.edu/ids/deliveryService?id=SAAM-1999.27.18_1]
Mr. John Corlis,"Edward Greene Malbone, born Newport, RI 1777-died Savannah, GA 1807",John Corlis,male,Miniature,"{""Type"": ""Painting-Miniature""}",,"{""Date"": ""1795""}","https://ids.si.edu/ids/iiif/SAAM-1980.29.1_1/full/250,/0/default.jpg",[https://ids.si.edu/ids/deliveryService?id=SAAM-1980.29.1_1]
Mr. Lawrence of Boston,"Edward Greene Malbone, born Newport, RI 1777-died Savannah, GA 1807",Mr. Lawrence,male,Miniature,"{""Type"": ""Painting-Miniature""}",,"{""Date"": ""1803""}","https://ids.si.edu/ids/iiif/SAAM-1929.6.71_1/full/250,/0/default.jpg",[https://ids.si.edu/ids/deliveryService?id=SAAM-1929.6.71_1]
Mr. Nichol,"John Wesley Jarvis, born South Shields, England 1780-died New York City 1840",Mr. Nichol,male,Miniature,"{""Type"": ""Painting-Miniature""}",,"{""Date"": ""1809""}","https://ids.si.edu/ids/iiif/SAAM-1942.2.1_1/full/250,/0/default.jpg",[https://ids.si.edu/ids/deliveryService?id=SAAM-1942.2.1_1]
Mrs. Abraham Van Santvoort of New York,"Ezra Ames, born Framingham, MA 1768-died Albany, NY 1836",Mrs. Abraham Van Santvoort,female,Miniature,"{""Type"": ""Painting-Miniature""}",,"{""Date"": ""ca. 1805""}","https://ids.si.edu/ids/iiif/SAAM-1950.4.18_1/full/250,/0/default.jpg",[https://ids.si.edu/ids/deliveryService?id=SAAM-1950.4.18_1]
Mrs. Alexander Rose (Margaret Smith),"Pierre Henri, born Paris, France ca. 1760-died NY 1822","Mrs. Alexander Rose
Margaret Smith",female,Miniature,"{""Type"": ""Painting-Miniature""}",,"{""Date"": ""ca. 1788""}","https://ids.si.edu/ids/iiif/SAAM-1933.7.1_1/full/250,/0/default.jpg",[https://ids.si.edu/ids/deliveryService?id=SAAM-1933.7.1_1]
Mrs. Baker,,Mrs. Baker,female,Miniature,"{""Type"": ""Painting-Miniature""}",,"{""Date"": ""ca. 1800-1814""}","https://ids.si.edu/ids/iiif/SAAM-1999.27.19_1/full/250,/0/default.jpg",[https://ids.si.edu/ids/deliveryService?id=SAAM-1999.27.19_1]
Mrs. Cornelius Baldwin (Mary Briscoe),"Philippe Abraham Peticolas, born Meziers, France 1760-died Petersburg, VA 1841",Mary Briscoe Baldwin,female,Miniature,"{""Type"": ""Painting-Miniature""}",,"{""Date"": ""1797""}","https://ids.si.edu/ids/iiif/SAAM-1943.3.2_1/full/250,/0/default.jpg",[https://ids.si.edu/ids/deliveryService?id=SAAM-1943.3.2_1]
Mrs. Elizabeth Pollock Hartigan,"Walter Robertson, Irish, born Dublin, Ireland ca. 1750-died Fatehpur, India 1801/02",Mrs. Elizabeth Pollock Hartigan,female,Miniature,"{""Type"": ""Painting-Miniature""}",,"{""Date"": ""1795""}","https://ids.si.edu/ids/iiif/SAAM-1956.1.4_1/full/250,/0/default.jpg",[https://ids.si.edu/ids/deliveryService?id=SAAM-1956.1.4_1]
Mrs. Fenno Knight (née du Clois),Unidentified (French),Mrs. Fenno Knight,female,Miniature,"{""Type"": ""Painting-Miniature""}",,"{""Date"": ""1799""}","https://ids.si.edu/ids/iiif/SAAM-1931.5.1_1/full/250,/0/default.jpg",[https://ids.si.edu/ids/deliveryService?id=SAAM-1931.5.1_1]
Mrs. George Willig,"Philippe Abraham Peticolas, born Meziers, France 1760-died Petersburg, VA 1841",Mrs. George Willig,female,Miniature,"{""Type"": ""Painting-Miniature""}",,"{""Date"": ""1804""}","https://ids.si.edu/ids/iiif/SAAM-1959.9.2_1/full/250,/0/default.jpg",[https://ids.si.edu/ids/deliveryService?id=SAAM-1959.9.2_1]
Mrs. James Smith and Grandson,"Charles Willson Peale, born Queen Anne's County, MD 1741-died Philadelphia, PA 1827","Mrs. James Smith
Mrs. James Smith
Campbell Smith",female,Regular,"{""Type"": ""Painting""}",,"{""Date"": ""1776""}","https://ids.si.edu/ids/iiif/SAAM-1980.93_1/full/250,/0/default.jpg",[https://ids.si.edu/ids/deliveryService?id=SAAM-1980.93_1]
Mrs. John Corlis (Susannah Condé Russell),"Edward Greene Malbone, born Newport, RI 1777-died Savannah, GA 1807",Mrs. John Corlis,female,Miniature,"{""Type"": ""Painting-Miniature""}",,"{""Date"": ""1795""}","https://ids.si.edu/ids/iiif/SAAM-1980.29.2_1/full/250,/0/default.jpg",[https://ids.si.edu/ids/deliveryService?id=SAAM-1980.29.2_1]
Mrs. John McCluney,"James Peale, born Chestertown, MD 1749-died Philadelphia, PA 1831",Mrs. John Mc Cluney,female,Miniature,"{""Type"": ""Painting-Miniature""}",,"{""Date"": ""ca. 1795""}","https://ids.si.edu/ids/iiif/SAAM-1950.12.3_1/full/250,/0/default.jpg",[https://ids.si.edu/ids/deliveryService?id=SAAM-1950.12.3_1]
Mrs. Joseph Manigault (Charlotte Drayton),"Edward Greene Malbone, born Newport, RI 1777-died Savannah, GA 1807","Mrs. Joseph Manigault
Charlotte Drayton",female,Miniature,"{""Type"": ""Painting-Miniature""}",,"{""Date"": ""ca. 1801""}","https://ids.si.edu/ids/iiif/SAAM-1970.296_1/full/250,/0/default.jpg",[https://ids.si.edu/ids/deliveryService?id=SAAM-1970.296_1]
Mrs. Joseph Wright,"Ralph Earl, born Worcester County, MA 1751-died Bolton, CT 1801","Mrs. Joseph Wright
Hannah Wright",female,Regular,"{""Type"": ""Painting""}",,"{""Date"": ""1792""}","https://ids.si.edu/ids/iiif/SAAM-1975.49.2_1/full/250,/0/default.jpg",[https://ids.si.edu/ids/deliveryService?id=SAAM-1975.49.2_1]
Mrs. Philip John Schuyler (Catherine van Rensselaer),"Walter Robertson, Irish, born Dublin, Ireland ca. 1750-died Fatehpur, India 1801/02","Mrs. Philip van Rensselaer Schuyler
Mrs. Philip van Rensselaer Schuyler",female,Miniature,"{""Type"": ""Painting-Miniature""}",,"{""Date"": ""ca. 1795""}","https://ids.si.edu/ids/iiif/SAAM-1999.27.43_1/full/250,/0/default.jpg",[https://ids.si.edu/ids/deliveryService?id=SAAM-1999.27.43_1]
Mrs. Richard Alsop,"Ralph Earl, born Worcester County, MA 1751-died Bolton, CT 1801","Mary Alsop
Mrs. Richard Alsop",female,Regular,"{""Type"": ""Painting""}",,"{""Date"": ""1792""}","https://ids.si.edu/ids/iiif/SAAM-1975.49.1_1/full/250,/0/default.jpg",[https://ids.si.edu/ids/deliveryService?id=SAAM-1975.49.1_1]
Mrs. Richard Yates,Unidentified,"Mrs. Richard Yates
Catherine Brass",female,Miniature,"{""Type"": ""Painting-Miniature""}",,"{""Date"": ""ca. 1790""}","https://ids.si.edu/ids/iiif/SAAM-1956.1.2_1/full/250,/0/default.jpg",[https://ids.si.edu/ids/deliveryService?id=SAAM-1956.1.2_1]
Mrs. Thomas Wilson,"Charles Robertson, Irish, born Dublin, Ireland 1759-died Dublin, Ireland 1821",Mrs. Thomas Wilson,female,Miniature,"{""Type"": ""Painting-Miniature""}",,"{""Date"": ""ca. 1800""}","https://ids.si.edu/ids/iiif/SAAM-1944.7.5_1/full/250,/0/default.jpg",[https://ids.si.edu/ids/deliveryService?id=SAAM-1944.7.5_1]
Mrs. William Boswell Lamb (Margaret Stuart Kerr),Unidentified,"Margaret Lamb
Mrs. R. William Lamb",female,Miniature,"{""Type"": ""Painting-Miniature""}",,"{""Date"": ""ca. 1795""}","https://ids.si.edu/ids/iiif/SAAM-1980.126.5_1/full/250,/0/default.jpg",[https://ids.si.edu/ids/deliveryService?id=SAAM-1980.126.5_1]
Nur Jahan,Unidentified,Nur Jahan,female,Regular,"{""Type"": ""Painting""}",,"{""Date"": ""ca. 1770""}","https://ids.si.edu/ids/iiif/SAAM-1929.8.352_1/full/250,/0/default.jpg",[https://ids.si.edu/ids/deliveryService?id=SAAM-1929.8.352_1]
Patience Lovell Wright,,"Patience Lovell Wright, 1725 - 23 Mar 1786",female,Regular,"{""Type"": ""Painting""}",,"{""Date"": ""c. 1782""}","https://ids.si.edu/ids/iiif/NPG-8600336A_1/full/250,/0/default.jpg",[https://ids.si.edu/ids/deliveryService?id=NPG-8600336A_1]
Peter Boylston Adams?,"John Singleton Copley, born Boston, MA 1738-died 1815 London, England",Peter Boylston Adams,male,Miniature,"{""Type"": ""Painting-Miniature""}",,"{""Date"": ""ca. 1765-1770""}","https://ids.si.edu/ids/iiif/SAAM-1999.27.7_1/full/250,/0/default.jpg",[https://ids.si.edu/ids/deliveryService?id=SAAM-1999.27.7_1]
Portrait of Adelia Ellender,"Joshua Johnson, born Baltimore County, MD ca.1763-died Ann Arundel County, MD ca. 1825",Adelia Ellender,female,Regular,"{""Type"": ""Painting\nFolk Art""}",,"{""Date"": ""ca. 1803-1805""}","https://ids.si.edu/ids/iiif/SAAM-1983.95.55_1/full/250,/0/default.jpg",[https://ids.si.edu/ids/deliveryService?id=SAAM-1983.95.55_1]
Portrait of Edward Shippen Burd of Philadelphia,"Rembrandt Peale, born PA 1778-died Philadelphia, PA 1860",Edward Shippen Burd,male,Regular,"{""Type"": ""Painting""}",,"{""Date"": ""ca. 1806-1808""}","https://ids.si.edu/ids/iiif/SAAM-1971.3_1/full/250,/0/default.jpg",[https://ids.si.edu/ids/deliveryService?id=SAAM-1971.3_1]
Portrait of General Giles,"Joseph Wright, born Bordentown, NJ 1756-died Philadelphia, PA 1793",General Giles,male,Regular,"{""Type"": ""Painting""}",,"{""Date"": ""ca. 1785""}","https://ids.si.edu/ids/iiif/SAAM-1975.75_1/full/250,/0/default.jpg",[https://ids.si.edu/ids/deliveryService?id=SAAM-1975.75_1]
Portrait of Mrs. Barbara Baker Murphy (Wife of Sea Captain),"Joshua Johnson, born Baltimore County, MD ca.1763-died Ann Arundel County, MD ca. 1825",Barbara Baker Murphy,male,Regular,"{""Type"": ""Painting\nFolk Art""}",,"{""Date"": ""ca. 1810""}","https://ids.si.edu/ids/iiif/SAAM-1983.95.56_1/full/250,/0/default.jpg",[https://ids.si.edu/ids/deliveryService?id=SAAM-1983.95.56_1]
Portrait of Mrs. Robert Kermit,,Mrs. Robert Kermit,female,Regular,"{""Type"": ""Painting""}",,"{""Date"": ""ca. 1790""}","https://ids.si.edu/ids/iiif/SAAM-1970.76_1/full/250,/0/default.jpg",[https://ids.si.edu/ids/deliveryService?id=SAAM-1970.76_1]
Portrait of Sea Captain John Murphy,"Joshua Johnson, born Baltimore County, MD ca.1763-died Ann Arundel County, MD ca. 1825",John Murphy,male,Regular,"{""Type"": ""Painting\nFolk Art""}",,"{""Date"": ""ca. 1810""}","https://ids.si.edu/ids/iiif/SAAM-1983.95.57_1/full/250,/0/default.jpg",[https://ids.si.edu/ids/deliveryService?id=SAAM-1983.95.57_1]
Portrait of a Baby Boy,Unidentified,"unidentified
unidentified",male,Miniature,"{""Type"": ""Painting-Miniature""}",,"{""Date"": ""ca. 1805""}","https://ids.si.edu/ids/iiif/SAAM-1999.27.59.2_1/full/250,/0/default.jpg",[https://ids.si.edu/ids/deliveryService?id=SAAM-1999.27.59.2_1]
Portrait of a Boy,Unidentified (Italian),unidentified,male,Regular,"{""Type"": ""Painting""}",,"{""Date"": ""ca. 1800""}","https://ids.si.edu/ids/iiif/SAAM-1956.11.41_1/full/250,/0/default.jpg",[https://ids.si.edu/ids/deliveryService?id=SAAM-1956.11.41_1]
Portrait of a Child,"Raphaelle Peale, born Annapolis, MD 1774-died Philadelphia, PA 1825","unidentified
unidentified",female,Miniature,"{""Type"": ""Painting-Miniature""}",,"{""Date"": ""ca. 1800""}","https://ids.si.edu/ids/iiif/SAAM-1963.9.5_1/full/250,/0/default.jpg",[https://ids.si.edu/ids/deliveryService?id=SAAM-1963.9.5_1]
Portrait of a Connecticut Clockmaker,,unidentified,male,Regular,"{""Type"": ""Painting""}",,"{""Date"": ""ca. 1800""}","https://ids.si.edu/ids/iiif/SAAM-1967.136.2_1/full/250,/0/default.jpg",[https://ids.si.edu/ids/deliveryService?id=SAAM-1967.136.2_1]
Portrait of a Connecticut Clockmaker's Wife,,unidentified,female,Regular,"{""Type"": ""Painting""}",,"{""Date"": ""ca. 1800""}","https://ids.si.edu/ids/iiif/SAAM-1967.136.3_1/full/250,/0/default.jpg",[https://ids.si.edu/ids/deliveryService?id=SAAM-1967.136.3_1]
Portrait of a Gentleman,Unidentified (British),unidentified,male,Regular,"{""Type"": ""Painting""}",,"{""Date"": ""ca. 1800""}","https://ids.si.edu/ids/iiif/SAAM-1956.11.42_1/full/250,/0/default.jpg",[https://ids.si.edu/ids/deliveryService?id=SAAM-1956.11.42_1]
Portrait of a Gentleman,Unidentified,unidentified,male,Miniature,"{""Type"": ""Painting-Miniature""}",,"{""Date"": ""ca. 1780-1790""}","https://ids.si.edu/ids/iiif/SAAM-1999.27.34_1/full/250,/0/default.jpg",[https://ids.si.edu/ids/deliveryService?id=SAAM-1999.27.34_1]
Portrait of a Gentleman,Unidentified,unidentified,male,Miniature,"{""Type"": ""Painting-Miniature""}",,"{""Date"": ""ca. 1805""}","https://ids.si.edu/ids/iiif/SAAM-1979.152_1/full/250,/0/default.jpg",[https://ids.si.edu/ids/deliveryService?id=SAAM-1979.152_1]
Portrait of a Gentleman,"Raphaelle Peale, born Annapolis, MD 1774-died Philadelphia, PA 1825",unidentified,male,Miniature,"{""Type"": ""Painting-Miniature""}",,"{""Date"": ""ca. 1805""}","https://ids.si.edu/ids/iiif/SAAM-1950.4.6_1/full/250,/0/default.jpg",[https://ids.si.edu/ids/deliveryService?id=SAAM-1950.4.6_1]
Portrait of a Gentleman,"James Peale, born Chestertown, MD 1749-died Philadelphia, PA 1831",unidentified,male,Miniature,"{""Type"": ""Painting-Miniature""}",,"{""Date"": ""1800""}","https://ids.si.edu/ids/iiif/SAAM-1999.27.37_1/full/250,/0/default.jpg",[https://ids.si.edu/ids/deliveryService?id=SAAM-1999.27.37_1]
Portrait of a Gentleman,"Henry Benbridge, born Philadelphia, PA 1743-died Philadelphia, PA 1812",unidentified,male,Miniature,"{""Type"": ""Painting-Miniature""}",,"{""Date"": ""ca. 1795""}","https://ids.si.edu/ids/iiif/SAAM-1999.27.45_1/full/250,/0/default.jpg",[https://ids.si.edu/ids/deliveryService?id=SAAM-1999.27.45_1]
Portrait of a Gentleman,Unidentified,unidentified,male,Miniature,"{""Type"": ""Painting-Miniature""}",,"{""Date"": ""ca. 1790""}","https://ids.si.edu/ids/iiif/SAAM-1975.5_1/full/250,/0/default.jpg",[https://ids.si.edu/ids/deliveryService?id=SAAM-1975.5_1]
Portrait of a Gentleman,"Walter Robertson, Irish, born Dublin, Ireland ca. 1750-died Fatehpur, India 1801/02",unidentified,male,Miniature,"{""Type"": ""Painting-Miniature""}",,"{""Date"": ""ca. 1796""}","https://ids.si.edu/ids/iiif/SAAM-1936.6.1_1/full/250,/0/default.jpg",[https://ids.si.edu/ids/deliveryService?id=SAAM-1936.6.1_1]
Portrait of a Gentleman,Unidentified (Puerto Rican),unidentified,male,Miniature,"{""Type"": ""Painting-Miniature""}",,"{""Date"": ""ca. 1810""}","https://ids.si.edu/ids/iiif/SAAM-1996.91.27_1/full/250,/0/default.jpg",[https://ids.si.edu/ids/deliveryService?id=SAAM-1996.91.27_1]
Portrait of a Gentleman,Unidentified,unidentified,male,Miniature,"{""Type"": ""Painting-Miniature""}",,"{""Date"": ""ca. 1800""}","https://ids.si.edu/ids/iiif/SAAM-1999.27.78_1/full/250,/0/default.jpg",[https://ids.si.edu/ids/deliveryService?id=SAAM-1999.27.78_1]
Portrait of a Gentleman,"P. E. Stroëhling, Russian, born Dusseldorf, Germany 1768-died London, England ca. 1826",unidentified,male,Miniature,"{""Type"": ""Painting-Miniature""}",,"{""Date"": ""ca. 1800""}","https://ids.si.edu/ids/iiif/SAAM-1946.9.3_1/full/250,/0/default.jpg",[https://ids.si.edu/ids/deliveryService?id=SAAM-1946.9.3_1]
Portrait of a Gentleman,"John Trumbull, born Lebanon, CT 1756-died New York City 1843",unidentified,male,Miniature,"{""Type"": ""Painting-Miniature""}",,"{""Date"": ""ca. 1790""}","https://ids.si.edu/ids/iiif/SAAM-1984.64_1/full/250,/0/default.jpg",[https://ids.si.edu/ids/deliveryService?id=SAAM-1984.64_1]
Portrait of a Gentleman,Unidentified,unidentified,male,Miniature,"{""Type"": ""Painting-Miniature""}",,"{""Date"": ""ca. 1805""}","https://ids.si.edu/ids/iiif/SAAM-1999.27.59.1_1/full/250,/0/default.jpg",[https://ids.si.edu/ids/deliveryService?id=SAAM-1999.27.59.1_1]
Portrait of a Gentleman,"Alexander Robertson, born Aberdeen, Scotland-died New York City 1841",unidentified,male,Miniature,"{""Type"": ""Painting-Miniature""}",,"{""Date"": ""ca. 1795""}","https://ids.si.edu/ids/iiif/SAAM-1942.10.3_1/full/250,/0/default.jpg",[https://ids.si.edu/ids/deliveryService?id=SAAM-1942.10.3_1]
Portrait of a Gentleman,"James Peale, born Chestertown, MD 1749-died Philadelphia, PA 1831",unidentified,male,Miniature,"{""Type"": ""Painting-Miniature""}",,"{""Date"": ""1789""}","https://ids.si.edu/ids/iiif/SAAM-1999.27.36_1/full/250,/0/default.jpg",[https://ids.si.edu/ids/deliveryService?id=SAAM-1999.27.36_1]
Portrait of a Gentleman,"James Peale, born Chestertown, MD 1749-died Philadelphia, PA 1831",unidentified,male,Miniature,"{""Type"": ""Painting-Miniature""}",,"{""Date"": ""1793""}","https://ids.si.edu/ids/iiif/SAAM-2012.21_1/full/250,/0/default.jpg",[https://ids.si.edu/ids/deliveryService?id=SAAM-2012.21_1]
Portrait of a Gentleman,Unidentified,unidentified,male,Miniature,"{""Type"": ""Painting-Miniature""}",,"{""Date"": ""ca. 1795""}","https://ids.si.edu/ids/iiif/SAAM-1959.7.22_1/full/250,/0/default.jpg",[https://ids.si.edu/ids/deliveryService?id=SAAM-1959.7.22_1]
Portrait of a Gentleman with Initials A.S.N.,"Jean Francois De Vallee, active 1794-1828",unidentified,male,Miniature,"{""Type"": ""Painting-Miniature""}",,"{""Date"": ""ca. 1805""}","https://ids.si.edu/ids/iiif/SAAM-1941.5.1_1/full/250,/0/default.jpg",[https://ids.si.edu/ids/deliveryService?id=SAAM-1941.5.1_1]
Portrait of a Gentleman with Initials C. B.,Unidentified,unidentified,male,Miniature,"{""Type"": ""Painting-Miniature""}",,"{""Date"": ""ca. 1795""}","https://ids.si.edu/ids/iiif/SAAM-1980.95.2_1/full/250,/0/default.jpg",[https://ids.si.edu/ids/deliveryService?id=SAAM-1980.95.2_1]
Portrait of a Gentleman with Initials G. D.,"Raphaelle Peale, born Annapolis, MD 1774-died Philadelphia, PA 1825",G. D.,male,Miniature,"{""Type"": ""Painting-Miniature""}",,"{""Date"": ""ca. 1805""}","https://ids.si.edu/ids/iiif/SAAM-1942.7.2_1/full/250,/0/default.jpg",[https://ids.si.edu/ids/deliveryService?id=SAAM-1942.7.2_1]
Portrait of a Gentleman with Initials H. D. C.,Unidentified,unidentified,male,Miniature,"{""Type"": ""Painting-Miniature""}",,"{""Date"": ""ca. 1795""}","https://ids.si.edu/ids/iiif/SAAM-1980.95.1_1/full/250,/0/default.jpg",[https://ids.si.edu/ids/deliveryService?id=SAAM-1980.95.1_1]
Portrait of a Gentleman with Initials J. B.,"Benjamin Trott, born Boston, MA ca. 1770-died Washington, DC 1843",unidentified,male,Miniature,"{""Type"": ""Painting-Miniature""}",,"{""Date"": ""ca. 1795""}","https://ids.si.edu/ids/iiif/SAAM-1954.6.4_1/full/250,/0/default.jpg",[https://ids.si.edu/ids/deliveryService?id=SAAM-1954.6.4_1]
Portrait of a Lady,Unidentified,unidentified,female,Miniature,"{""Type"": ""Painting-Miniature""}",,"{""Date"": ""late 18th century""}","https://ids.si.edu/ids/iiif/SAAM-1999.27.63_1/full/250,/0/default.jpg",[https://ids.si.edu/ids/deliveryService?id=SAAM-1999.27.63_1]
Portrait of a Lady,,"unidentified
unidentified",female,Miniature,"{""Type"": ""Painting-Miniature""}",,"{""Date"": ""ca. 1800""}","https://ids.si.edu/ids/iiif/SAAM-1959.7.21_1/full/250,/0/default.jpg",[https://ids.si.edu/ids/deliveryService?id=SAAM-1959.7.21_1]
Portrait of a Lady,Unidentified,"unidentified
unidentified
unidentified",female,Miniature,"{""Type"": ""Painting-Miniature""}",,"{""Date"": ""1800""}","https://ids.si.edu/ids/iiif/SAAM-1966.4.2_1/full/250,/0/default.jpg",[https://ids.si.edu/ids/deliveryService?id=SAAM-1966.4.2_1]
Portrait of a Lady,Unidentified (French),unidentified,female,Miniature,"{""Type"": ""Painting-Miniature""}",,"{""Date"": ""ca. 1775""}","https://ids.si.edu/ids/iiif/SAAM-1954.6.5_1/full/250,/0/default.jpg",[https://ids.si.edu/ids/deliveryService?id=SAAM-1954.6.5_1]
Portrait of a Lady,Unidentified,unidentified,female,Miniature,"{""Type"": ""Painting-Miniature""}",,"{""Date"": ""ca. 1780""}","https://ids.si.edu/ids/iiif/SAAM-1979.153.2_1/full/250,/0/default.jpg",[https://ids.si.edu/ids/deliveryService?id=SAAM-1979.153.2_1]
Portrait of a Lady,"William M. S. Doyle, born Boston, MA 1769-died Boston, MA 1828",unidentified,female,Miniature,"{""Type"": ""Painting-Miniature""}",,"{""Date"": ""1810""}","https://ids.si.edu/ids/iiif/SAAM-1954.6.3_1/full/250,/0/default.jpg",[https://ids.si.edu/ids/deliveryService?id=SAAM-1954.6.3_1]
Portrait of a Lady from S. Carolina Huguenot Family,"Lawrence Sully, born Kilkenny, Ireland 1769-died Richmond, VA 1804",unidentified,female,Miniature,"{""Type"": ""Painting-Miniature""}",,"{""Date"": ""ca. 1795""}","https://ids.si.edu/ids/iiif/SAAM-1950.4.5_1/full/250,/0/default.jpg",[https://ids.si.edu/ids/deliveryService?id=SAAM-1950.4.5_1]
Portrait of a Man,"Jacob Eichholtz, born Lancaster, PA 1776-died Lancaster, PA 1842",unidentified,male,Regular,"{""Type"": ""Painting""}",,"{""Date"": ""ca. 1809""}","https://ids.si.edu/ids/iiif/SAAM-1964.6.2_2/full/250,/0/default.jpg",[https://ids.si.edu/ids/deliveryService?id=SAAM-1964.6.2_2]
Portrait of a Man,Unidentified,unidentified,male,Regular,"{""Type"": ""Painting\nFolk Art""}",,"{""Date"": ""early 19th century""}","https://ids.si.edu/ids/iiif/SAAM-1986.65.153_1/full/250,/0/default.jpg",[https://ids.si.edu/ids/deliveryService?id=SAAM-1986.65.153_1]
Portrait of a Man,Unidentified (European),unidentified,male,Regular,"{""Type"": ""Painting""}",,"{""Date"": ""ca. 1790""}","https://ids.si.edu/ids/iiif/SAAM-1979.5.10_1/full/250,/0/default.jpg",[https://ids.si.edu/ids/deliveryService?id=SAAM-1979.5.10_1]
Portrait of a Man,,unidentified,male,Regular,"{""Type"": ""Painting\nFolk Art""}",,"{""Date"": ""early 19th century""}","https://ids.si.edu/ids/iiif/SAAM-1986.65.179_1/full/250,/0/default.jpg",[https://ids.si.edu/ids/deliveryService?id=SAAM-1986.65.179_1]
Portrait of a Woman,"Jacob Eichholtz, born Lancaster, PA 1776-died Lancaster, PA 1842",unidentified,female,Regular,"{""Type"": ""Painting""}",,"{""Date"": ""ca. 1809""}","https://ids.si.edu/ids/iiif/SAAM-1964.6.1_2/full/250,/0/default.jpg",[https://ids.si.edu/ids/deliveryService?id=SAAM-1964.6.1_2]
Portrait of a Young Lady,"William Verstille, born Boston, MA ca. 1755-died Boston, MA 1803",unidentified,female,Miniature,"{""Type"": ""Painting-Miniature""}",,"{""Date"": ""ca. 1790""}","https://ids.si.edu/ids/iiif/SAAM-1942.11.5_1/full/250,/0/default.jpg",[https://ids.si.edu/ids/deliveryService?id=SAAM-1942.11.5_1]
Portrait of the Artist and His Wife,"William Leslie, English, born England before 1769-died London, England 1812","Mrs. William Leslie
William Leslie","female, male",Miniature,"{""Type"": ""Painting-Miniature""}",,"{""Date"": ""ca. 1800-1812""}","https://ids.si.edu/ids/iiif/SAAM-1999.27.24_1/full/250,/0/default.jpg",[https://ids.si.edu/ids/deliveryService?id=SAAM-1999.27.24_1]
Retrato de caballero,"José Campeche y Jordán, born San Juan, Puerto Rico 1751-died San Juan, Puerto Rico 1809",unidentified,male,Regular,"{""Type"": ""Painting""}",,"{""Date"": ""ca. 1805-1809""}","https://ids.si.edu/ids/iiif/SAAM-1996.91.3_1/full/250,/0/default.jpg",[https://ids.si.edu/ids/deliveryService?id=SAAM-1996.91.3_1]
Reverend John Carroll,Unidentified Artist,"Rev. John Carroll, 8 Jan 1735 - 3 Dec 1815",male,Regular,"{""Type"": ""Painting""}",,"{""Date"": ""c. 1809""}","https://ids.si.edu/ids/iiif/NPG-8900562A_1/full/250,/0/default.jpg",[https://ids.si.edu/ids/deliveryService?id=NPG-8900562A_1]
Reverend Justus Henry Christian Helmuth,"John Eckstein, 1736 - 1817","Rev. Justus Henry Christian Helmuth, 16 May 1745 - 5 Feb 1825",male,Regular,"{""Type"": ""Painting""}",,"{""Date"": ""c. 1795""}","https://ids.si.edu/ids/iiif/NPG-NPG_67_7Helmuth-000003/full/250,/0/default.jpg",[https://ids.si.edu/ids/deliveryService?id=NPG-NPG_67_7Helmuth-000003]
Richard Bache,"John Hoppner, 1758 - 1810","Richard Bache, 1737 - 1811",male,Regular,"{""Type"": ""Painting""}","{""Place"": ""United Kingdom\\England\\Greater London\\London""}","{""Date"": ""1792-93""}","https://ids.si.edu/ids/iiif/NPG-NPG_2011_145Bache-000001/full/250,/0/default.jpg",[https://ids.si.edu/ids/deliveryService?id=NPG-NPG_2011_145Bache-000001]
Richard Henry Lee,"Charles Willson Peale, 15 Apr 1741 - 22 Feb 1827","Richard Henry Lee, 20 Jan 1732 - 19 Jun 1794",male,Regular,"{""Type"": ""Painting""}",,"{""Date"": ""c. 1795-1805""}","https://ids.si.edu/ids/iiif/NPG-NPG_74_5/full/250,/0/default.jpg",[https://ids.si.edu/ids/deliveryService?id=NPG-NPG_74_5]
Robert Broome,"Anson Dickinson, born Milton, CT 1779-died Litchfied, CT 1852",Robert Broome,male,Miniature,"{""Type"": ""Painting-Miniature""}",,"{""Date"": ""ca. 1810""}","https://ids.si.edu/ids/iiif/SAAM-1948.2.1_1/full/250,/0/default.jpg",[https://ids.si.edu/ids/deliveryService?id=SAAM-1948.2.1_1]
Robert Hooper,"John Singleton Copley, born Boston, MA 1738-died 1815 London, England",Jr. Robert Hooper,male,Regular,"{""Type"": ""Painting""}",,"{""Date"": ""ca. 1770-1772""}","https://ids.si.edu/ids/iiif/SAAM-2006.12.1_1/full/250,/0/default.jpg",[https://ids.si.edu/ids/deliveryService?id=SAAM-2006.12.1_1]
Robert Morris,"Robert Edge Pine, c. 1730 - 1788","Robert Morris, 31 Jan 1734 - 8 May 1806",male,Regular,"{""Type"": ""Painting""}",,"{""Date"": ""c. 1785""}","https://ids.si.edu/ids/iiif/NPG-NPG_73_20/full/250,/0/default.jpg",[https://ids.si.edu/ids/deliveryService?id=NPG-NPG_73_20]
Robert Oliphant,"Raphaelle Peale, born Annapolis, MD 1774-died Philadelphia, PA 1825",Robert Oliphant,male,Miniature,"{""Type"": ""Painting-Miniature""}",,"{""Date"": ""1799""}","https://ids.si.edu/ids/iiif/SAAM-1942.2.2_1/full/250,/0/default.jpg",[https://ids.si.edu/ids/deliveryService?id=SAAM-1942.2.2_1]
Rubens Peale,"Rembrandt Peale, 22 Feb 1778 - 3 Oct 1860","Rubens Peale, 1784 - 1865",male,Regular,"{""Type"": ""Painting""}",,"{""Date"": ""1807""}","https://ids.si.edu/ids/iiif/NPG-8600424A_2/full/250,/0/default.jpg",[https://ids.si.edu/ids/deliveryService?id=NPG-8600424A_2]
Rubens Peale,"Raphaelle Peale, born Annapolis, MD 1774-died Philadelphia, PA 1825",Rubens Peale,male,Miniature,"{""Type"": ""Painting-Miniature""}",,"{""Date"": ""ca. 1800""}","https://ids.si.edu/ids/iiif/SAAM-1941.9.1_1/full/250,/0/default.jpg",[https://ids.si.edu/ids/deliveryService?id=SAAM-1941.9.1_1]
Samuel Blodget,"John Trumbull, 6 Jun 1756 - 10 Nov 1843","Samuel Blodget, Jr., 28 Aug 1757 - 11 Apr 1814",male,Regular,"{""Type"": ""Painting""}",,"{""Date"": ""c. 1784""}","https://ids.si.edu/ids/iiif/NPG-NPG_2013_29Blodget-000001/full/250,/0/default.jpg",[https://ids.si.edu/ids/deliveryService?id=NPG-NPG_2013_29Blodget-000001]
Samuel Chase,"John Wesley Jarvis, 1780 - 14 Jan 1840","Samuel Chase, 17 Apr 1741 - 19 Jun 1811",male,Regular,"{""Type"": ""Painting""}",,"{""Date"": ""1811""}","https://ids.si.edu/ids/iiif/NPG-NPG_67_2Chase-000001/full/250,/0/default.jpg",[https://ids.si.edu/ids/deliveryService?id=NPG-NPG_67_2Chase-000001]
Samuel F. B. Morse Self-Portrait,"Samuel Finley Breese Morse, 27 Apr 1791 - 2 Apr 1872","Samuel Finley Breese Morse, 27 Apr 1791 - 2 Apr 1872",male,Regular,"{""Type"": ""Painting""}",,"{""Date"": ""1812""}","https://ids.si.edu/ids/iiif/NPG-NPG_80_208Morse_d1/full/250,/0/default.jpg",[https://ids.si.edu/ids/deliveryService?id=NPG-NPG_80_208Morse_d1]
"Samuel Love, Jr.","Robert Field, born Gloucestershire, England ca. 1769-died Kingston, Jamaica 1819",Jr. Samuel Love,male,Miniature,"{""Type"": ""Painting-Miniature""}",,"{""Date"": ""1800""}","https://ids.si.edu/ids/iiif/SAAM-1942.10.4_1/full/250,/0/default.jpg",[https://ids.si.edu/ids/deliveryService?id=SAAM-1942.10.4_1]
Samuel Miles,"Gilbert Stuart, 3 Dec 1755 - 9 Jul 1828","Samuel Miles, 11 Mar 1740 - 6 Dec 1805",male,Regular,"{""Type"": ""Painting""}",,"{""Date"": ""c. 1800""}","https://ids.si.edu/ids/iiif/NPG-NPG_2019_22-000002/full/250,/0/default.jpg",[https://ids.si.edu/ids/deliveryService?id=NPG-NPG_2019_22-000002]
Samuel Seabury,"Ralph Earl, 11 May 1751 - 16 Aug 1801","Samuel Seabury, 30 Nov 1729 - 25 Feb 1796",male,Regular,"{""Type"": ""Painting""}",,"{""Date"": ""1785""}","https://ids.si.edu/ids/iiif/NPG-NPG_84_171/full/250,/0/default.jpg",[https://ids.si.edu/ids/deliveryService?id=NPG-NPG_84_171]
Samuel Smith,"Gilbert Stuart, 3 Dec 1755 - 9 Jul 1828","Samuel Smith, 27 Jul 1752 - 22 Apr 1839",male,Regular,"{""Type"": ""Painting""}",,"{""Date"": ""c. 1800""}","https://ids.si.edu/ids/iiif/NPG-NPG_66_50Smith-000002/full/250,/0/default.jpg",[https://ids.si.edu/ids/deliveryService?id=NPG-NPG_66_50Smith-000002]
Sir Guy Carelton,Unidentified (British),Guy Carleton,male,Miniature,"{""Type"": ""Painting-Miniature""}",,"{""Date"": ""ca. 1770""}","https://ids.si.edu/ids/iiif/SAAM-1950.4.20_1/full/250,/0/default.jpg",[https://ids.si.edu/ids/deliveryService?id=SAAM-1950.4.20_1]
Susan Poinsett,"Edward Greene Malbone, born Newport, RI 1777-died Savannah, GA 1807",Susan Poinsett,female,Miniature,"{""Type"": ""Painting-Miniature""}",,"{""Date"": ""ca. 1801-1802""}","https://ids.si.edu/ids/iiif/SAAM-1999.27.27_1/full/250,/0/default.jpg",[https://ids.si.edu/ids/deliveryService?id=SAAM-1999.27.27_1]
Susanne Correy,"James Peale, born Chestertown, MD 1749-died Philadelphia, PA 1831",Susan Correy,female,Miniature,"{""Type"": ""Painting-Miniature""}",,"{""Date"": ""ca. 1790""}","https://ids.si.edu/ids/iiif/SAAM-1979.153.1_1/full/250,/0/default.jpg",[https://ids.si.edu/ids/deliveryService?id=SAAM-1979.153.1_1]
T. Stanford,"Ebenezer Mack, born 1765-died 1833",T. Stanford,male,Miniature,"{""Type"": ""Painting-Miniature""}",,"{""Date"": ""ca. 1795""}","https://ids.si.edu/ids/iiif/SAAM-1957.3.2_1/full/250,/0/default.jpg",[https://ids.si.edu/ids/deliveryService?id=SAAM-1957.3.2_1]
The Davis Children (Eliza Cheever Davis and John Derby Davis),"Edward Savage, born Princeton, MA 1761-died Princeton, MA 1817","Eliza Cheever Davis
John Derby Davis",female,Regular,"{""Type"": ""Painting""}",,"{""Date"": ""1795""}","https://ids.si.edu/ids/iiif/SAAM-2019.6.12_1/full/250,/0/default.jpg",[https://ids.si.edu/ids/deliveryService?id=SAAM-2019.6.12_1]
The Misses Mary and Hannah Murray,"John Trumbull, born Lebanon, CT 1756-died New York City 1843","Hannah Murray
Mary Murray",female,Regular,"{""Type"": ""Painting""}",,"{""Date"": ""1806""}","https://ids.si.edu/ids/iiif/SAAM-1988.2_1/full/250,/0/default.jpg",[https://ids.si.edu/ids/deliveryService?id=SAAM-1988.2_1]
The Wiley Family,"William Williams, born Bristol, England 1727-died Bristol, England 1791",John Wiley,"male, female",Regular,"{""Type"": ""Painting""}",,"{""Date"": ""1771""}","https://ids.si.edu/ids/iiif/SAAM-2006.12.2_1/full/250,/0/default.jpg",[https://ids.si.edu/ids/deliveryService?id=SAAM-2006.12.2_1]
Theresa Diana Levesque,"Ambrose Duval, born ca. 1778-died 1860",Theresa Diana Levesque,female,Miniature,"{""Type"": ""Painting-Miniature""}",,"{""Date"": ""1810""}","https://ids.si.edu/ids/iiif/SAAM-1975.59.2_1/full/250,/0/default.jpg",[https://ids.si.edu/ids/deliveryService?id=SAAM-1975.59.2_1]
Thomas Ash II,"Thomas Sully, 19 Jun 1783 - 5 Nov 1872","Thomas Ash II, 1785 - after 1824",male,Regular,"{""Type"": ""Painting""}",,"{""Date"": ""1807""}","https://ids.si.edu/ids/iiif/NPG-NPG_2008_4Ash_d1/full/250,/0/default.jpg",[https://ids.si.edu/ids/deliveryService?id=NPG-NPG_2008_4Ash_d1]
Thomas Jefferson,"Mather Brown, 7 Oct 1761 - 25 May 1831","Thomas Jefferson, 13 Apr 1743 - 4 Jul 1826",male,Regular,"{""Type"": ""Painting""}","{""Place"": ""United Kingdom\\England\\Greater London\\London""}","{""Date"": ""1786""}","https://ids.si.edu/ids/iiif/NPG-NPG_99_66Jefferson_d1/full/250,/0/default.jpg",[https://ids.si.edu/ids/deliveryService?id=NPG-NPG_99_66Jefferson_d1]
Thomas Lee Shippen,"James Peale, born Chestertown, MD 1749-died Philadelphia, PA 1831",Thomas Lee Shippen,male,Miniature,"{""Type"": ""Painting-Miniature""}",,"{""Date"": ""1795""}","https://ids.si.edu/ids/iiif/SAAM-1999.87.4_1/full/250,/0/default.jpg",[https://ids.si.edu/ids/deliveryService?id=SAAM-1999.87.4_1]
Thomas McKean,,"Thomas McKean, 19 Mar 1734 - 24 Jun 1817",male,Regular,"{""Type"": ""Painting""}",,"{""Date"": ""after 1787""}","https://ids.si.edu/ids/iiif/NPG-NPG_66_63McKean-000003/full/250,/0/default.jpg",[https://ids.si.edu/ids/deliveryService?id=NPG-NPG_66_63McKean-000003]
Thomas Paine,"Laurent Dabos, 1761 - 1835","Thomas Paine, 29 Jan 1737 - 8 Jun 1809",male,Regular,"{""Type"": ""Painting""}",,"{""Date"": ""c. 1792""}","https://ids.si.edu/ids/iiif/NPG-NPG_2008_5/full/250,/0/default.jpg",[https://ids.si.edu/ids/deliveryService?id=NPG-NPG_2008_5]
Thomas Pinckney,"John Trumbull, 6 Jun 1756 - 10 Nov 1843","Thomas Pinckney, 23 Oct 1750 - 2 Nov 1828",male,Regular,"{""Type"": ""Painting""}",,"{""Date"": ""1791""}","https://ids.si.edu/ids/iiif/NPG-NPG_2007_211/full/250,/0/default.jpg",[https://ids.si.edu/ids/deliveryService?id=NPG-NPG_2007_211]
Thomas Say,"Joseph Wood, c. 1778 - 1830","Thomas Say, 27 Jun 1787 - 10 Oct 1834",male,Regular,"{""Type"": ""Painting""}",,"{""Date"": ""c. 1812""}","https://ids.si.edu/ids/iiif/NPG-NPG_72_112Say-000001/full/250,/0/default.jpg",[https://ids.si.edu/ids/deliveryService?id=NPG-NPG_72_112Say-000001]
Thomas Stone,"Robert Edge Pine, c. 1730 - 1788","Thomas Stone, 1743 - 5 Oct 1787",male,Regular,"{""Type"": ""Painting""}",,"{""Date"": ""c. 1785""}","https://ids.si.edu/ids/iiif/NPG-NPG_71_44/full/250,/0/default.jpg",[https://ids.si.edu/ids/deliveryService?id=NPG-NPG_71_44]
"Thomas Williams, of Annapolis","Robert Field, born Gloucestershire, England ca. 1769-died Kingston, Jamaica 1819",Thomas Williams,male,Miniature,"{""Type"": ""Painting-Miniature""}",,"{""Date"": ""ca. 1800""}","https://ids.si.edu/ids/iiif/SAAM-1978.67.2_1/full/250,/0/default.jpg",[https://ids.si.edu/ids/deliveryService?id=SAAM-1978.67.2_1]
"Three-Way Portrait of Thomas Jefferson, James Monroe, and Unidentified Native American (William McIntosh?)",Unidentified,"Thomas Jefferson
unidentified
James Monroe",male,Regular,"{""Type"": ""Painting\nFolk Art""}",,"{""Date"": ""early 19th century""}","https://ids.si.edu/ids/iiif/SAAM-1967.90.1_4/full/250,/0/default.jpg",[https://ids.si.edu/ids/deliveryService?id=SAAM-1967.90.1_4]
West Family in the Studio Garden,"Benjamin West, 10 Oct 1738 - 11 Mar 1820","Benjamin West, 10 Oct 1738 - 11 Mar 1820","male, female",Regular,"{""Type"": ""Painting""}",,"{""Date"": ""1808-09""}","https://ids.si.edu/ids/iiif/NPG-NPG_77_34Westfamily-000004/full/250,/0/default.jpg",[https://ids.si.edu/ids/deliveryService?id=NPG-NPG_77_34Westfamily-000004]
William Boswell Lamb,Unidentified,William Roswell Lamb,male,Miniature,"{""Type"": ""Painting-Miniature""}",,"{""Date"": ""ca. 1795""}","https://ids.si.edu/ids/iiif/SAAM-1980.126.4_1/full/250,/0/default.jpg",[https://ids.si.edu/ids/deliveryService?id=SAAM-1980.126.4_1]
William Carmichael,Unidentified Artist,"William Carmichael, ? - Feb 1795",male,Regular,"{""Type"": ""Painting""}",,"{""Date"": ""1770s""}","https://ids.si.edu/ids/iiif/NPG-NPG_2010_49_int/full/250,/0/default.jpg",[https://ids.si.edu/ids/deliveryService?id=NPG-NPG_2010_49_int]
William Dunlap self-portrait,"William Dunlap, 18 Feb 1766 - 28 Sep 1839","William Dunlap, 18 Feb 1766 - 28 Sep 1839",male,Regular,"{""Type"": ""Painting""}",,"{""Date"": ""c. 1805""}","https://ids.si.edu/ids/iiif/NPG-NPG_2013_40/full/250,/0/default.jpg",[https://ids.si.edu/ids/deliveryService?id=NPG-NPG_2013_40]
William Linn,,"William Linn, 27 Feb 1752 - 8 Jan 1808",male,Regular,"{""Type"": ""Painting""}",,"{""Date"": ""early 1790s""}","https://ids.si.edu/ids/iiif/NPG-NPG_2007_11Linn-000003/full/250,/0/default.jpg","[https://ids.si.edu/ids/deliveryService?id=NPG-NPG_2007_11Linn-000003, https://ids.si.edu/ids/deliveryService?id=NPG-NPG_2007_11Linn_int-000001]"
William Linn,"John Wesley Jarvis, 1780 - 14 Jan 1840","William Linn, 27 Feb 1752 - 8 Jan 1808",male,Regular,"{""Type"": ""Painting""}",,"{""Date"": ""1805""}","https://ids.si.edu/ids/iiif/NPG-S_NPG_2007_12Linn-000001/full/250,/0/default.jpg",[https://ids.si.edu/ids/deliveryService?id=NPG-S_NPG_2007_12Linn-000001]
William Mather Smith,"Archibald Robertson, born Moneymusk, Scotland-died New York City 1835",William Mather Smith,male,Miniature,"{""Type"": ""Painting-Miniature""}",,"{""Date"": ""ca. 1810""}","https://ids.si.edu/ids/iiif/SAAM-1944.7.2_1/full/250,/0/default.jpg",[https://ids.si.edu/ids/deliveryService?id=SAAM-1944.7.2_1]
William McIntyre,"John Wesley Jarvis, born South Shields, England 1780-died New York City 1840",William McIntyre,male,Miniature,"{""Type"": ""Painting-Miniature""}",,"{""Date"": ""early 19th century""}","https://ids.si.edu/ids/iiif/SAAM-1999.27.22_1/full/250,/0/default.jpg",[https://ids.si.edu/ids/deliveryService?id=SAAM-1999.27.22_1]
William Moultrie,"Charles Willson Peale, 15 Apr 1741 - 22 Feb 1827","William Moultrie, 1730 - 27 Sep 1805",male,Regular,"{""Type"": ""Painting""}",,"{""Date"": ""1782""}","https://ids.si.edu/ids/iiif/NPG-NPG_65_57/full/250,/0/default.jpg",[https://ids.si.edu/ids/deliveryService?id=NPG-NPG_65_57]
William Shippen,"James Peale, born Chestertown, MD 1749-died Philadelphia, PA 1831",William Shippen,male,Miniature,"{""Type"": ""Painting-Miniature""}",,"{""Date"": ""1794""}","https://ids.si.edu/ids/iiif/SAAM-1999.87.5_1/full/250,/0/default.jpg",[https://ids.si.edu/ids/deliveryService?id=SAAM-1999.87.5_1]
William Thornton,"Robert Field, born Gloucestershire, England ca. 1769-died Kingston, Jamaica 1819",William Thornton,male,Miniature,"{""Type"": ""Painting-Miniature""}",,"{""Date"": ""ca. 1800""}","https://ids.si.edu/ids/iiif/SAAM-1960.6.1_2/full/250,/0/default.jpg",[https://ids.si.edu/ids/deliveryService?id=SAAM-1960.6.1_2]
William Wirt,"Cephas Thompson, 1 Jul 1775 - 6 Nov 1856","William Wirt, 8 Nov 1772 - 18 Feb 1834",male,Regular,"{""Type"": ""Painting""}",,"{""Date"": ""c. 1809-10""}","https://ids.si.edu/ids/iiif/NPG-NPG_89_11/full/250,/0/default.jpg",[https://ids.si.edu/ids/deliveryService?id=NPG-NPG_89_11]
Young Woman of the Chase Family,Unidentified,Chase,female,Miniature,"{""Type"": ""Painting-Miniature""}",,"{""Date"": ""1810""}","https://ids.si.edu/ids/iiif/SAAM-1999.27.17_1/full/250,/0/default.jpg",[https://ids.si.edu/ids/deliveryService?id=SAAM-1999.27.17_1]
